city,region,age,calls,activeCalls,sms,data,subscription_a,subscription_b,subscription_c,subscription_d,plan,score
Karur,3,56,0,0,2,27,0,0,0,0,1,88
Salem,2,35,0,0,0,14,0,0,0,0,1,51
Delhi,1,87,1,5,2,26,0,0,0,0,1,122
Mumbai,1,42,1,4,1,21,0,0,0,0,1,70
Mumbai,1,86,2,9,2,24,0,0,0,0,1,124
Chennai,1,85,2,2,1,19,0,0,0,0,1,110
Delhi,1,37,4,10,1,5,0,0,0,0,1,58
Mumbai,1,57,2,3,2,7,0,0,0,0,1,72
Bangalore,1,70,1,1,2,13,0,0,0,0,1,88
Madurai,2,83,2,12,0,28,0,0,0,0,1,127
Salem,2,46,2,8,0,45,0,0,0,0,1,103
Karur,3,85,1,11,1,0,0,0,0,0,1,101
Mumbai,1,47,2,10,2,43,0,0,0,0,1,105
Chennimalai,3,57,1,7,2,43,0,0,0,0,1,113
Delhi,1,68,0,11,2,18,0,0,0,0,1,100
Delhi,1,69,0,7,2,27,0,0,0,0,1,106
Mumbai,1,56,0,2,0,17,0,0,0,0,1,76
Namakkal,3,69,3,7,1,44,0,0,0,0,1,127
Bangalore,1,34,3,6,0,9,0,0,0,0,1,53
Chennimalai,3,87,2,5,2,8,0,0,0,0,1,107
Salem,2,62,2,7,2,30,0,0,0,0,1,105
Salem,2,89,0,9,1,11,0,0,0,0,1,112
Bangalore,1,73,1,8,0,37,0,0,0,0,1,120
Mumbai,1,43,0,4,1,46,0,0,0,0,1,95
Delhi,1,59,0,2,2,38,0,0,0,0,1,102
Karur,3,75,2,4,0,31,0,0,0,0,1,115
Mumbai,1,20,2,2,0,39,0,0,0,0,1,64
Madurai,2,90,1,5,2,30,0,0,0,0,1,130
Chennai,1,39,4,7,2,48,0,0,0,0,1,101
Chennai,1,36,1,8,1,42,0,0,0,0,1,89
Salem,2,36,2,5,2,6,0,0,0,0,1,53
Salem,2,36,5,8,1,25,0,0,0,0,1,77
Chennimalai,3,29,5,7,2,35,0,0,0,0,1,81
Chennimalai,3,46,4,6,1,0,0,0,0,0,1,60
Mumbai,1,71,1,4,1,8,0,0,0,0,1,86
Bangalore,1,40,1,11,2,36,0,0,0,0,1,91
Chennai,1,72,3,6,2,17,0,0,0,0,1,101
Chennai,1,23,3,10,2,32,0,0,0,0,1,71
Chennimalai,3,46,2,12,0,1,0,0,0,0,1,64
Madurai,2,44,1,6,0,17,0,0,0,0,1,70
Chennai,1,27,0,8,2,20,0,0,0,0,1,58
Salem,2,88,1,8,2,28,0,0,0,0,1,129
Madurai,2,29,3,6,0,9,0,0,0,0,1,49
Namakkal,3,64,0,3,2,50,0,0,0,0,1,122
Bangalore,1,31,0,7,0,40,0,0,0,0,1,79
Mumbai,1,73,1,2,2,34,0,0,0,0,1,113
Mumbai,1,52,3,5,1,10,0,0,0,0,1,72
Chennimalai,3,27,5,6,0,17,0,0,0,0,1,58
Coimbatore,2,83,1,11,2,41,0,0,0,0,1,140
Delhi,1,28,4,12,1,17,0,0,0,0,1,63
Delhi,1,27,0,4,2,41,0,0,0,0,1,75
Karur,3,80,2,6,1,16,0,0,0,0,1,108
Salem,2,63,1,2,2,8,0,0,0,0,1,78
Bangalore,1,62,2,6,2,6,0,0,0,0,1,79
Delhi,1,72,3,11,1,1,0,0,0,0,1,89
Bangalore,1,85,1,12,2,40,0,0,0,0,1,141
Chennai,1,78,2,6,1,26,0,0,0,0,1,114
Delhi,1,51,1,3,2,46,0,0,0,0,1,104
Chennai,1,32,2,8,0,48,0,0,0,0,1,91
Chennimalai,3,49,4,7,2,32,0,0,0,0,1,97
Delhi,1,28,0,6,1,22,0,0,0,0,1,58
Coimbatore,2,65,2,8,2,41,0,0,0,0,1,120
Mumbai,1,72,0,11,0,40,0,0,0,0,1,124
Chennimalai,3,54,2,6,2,36,0,0,0,0,1,103
Salem,2,46,1,6,0,37,0,0,0,0,1,92
Delhi,1,50,2,11,0,10,0,0,0,0,1,74
Madurai,2,18,5,11,1,5,0,0,0,0,1,42
Karur,3,31,3,4,0,3,0,0,0,0,1,44
Chennimalai,3,60,3,3,1,47,0,0,0,0,1,117
Madurai,2,34,4,10,1,23,0,0,0,0,1,74
Mumbai,1,71,3,6,2,9,0,0,0,0,1,92
Bangalore,1,20,1,7,1,40,0,0,0,0,1,70
Bangalore,1,53,1,7,1,12,0,0,0,0,1,75
Coimbatore,2,43,0,4,0,22,0,0,0,0,1,71
Salem,2,33,4,12,2,25,0,0,0,0,1,78
Namakkal,3,52,2,10,1,31,0,0,0,0,1,99
Namakkal,3,19,4,7,0,8,0,0,0,0,1,41
Delhi,1,52,3,8,2,5,0,0,0,0,1,71
Salem,2,43,4,9,2,37,0,0,0,0,1,97
Coimbatore,2,75,2,12,2,39,0,0,0,0,1,132
Chennimalai,3,84,2,4,2,34,0,0,0,0,1,129
Delhi,1,23,3,12,1,25,0,0,0,0,1,65
Delhi,1,20,3,11,0,48,0,0,0,0,1,83
Karur,3,77,0,1,1,35,0,0,0,0,1,117
Karur,3,84,2,10,0,38,0,0,0,0,1,137
Chennimalai,3,44,4,11,2,29,0,0,0,0,1,93
Namakkal,3,90,2,7,0,7,0,0,0,0,1,109
Coimbatore,2,90,2,6,1,26,0,0,0,0,1,127
Karur,3,23,2,10,0,15,0,0,0,0,1,53
Namakkal,3,63,0,4,0,8,0,0,0,0,1,78
Chennai,1,69,3,4,0,19,0,0,0,0,1,96
Salem,2,47,3,6,2,27,0,0,0,0,1,87
Karur,3,44,4,6,2,15,0,0,0,0,1,74
Coimbatore,2,66,2,12,2,3,0,0,0,0,1,87
Namakkal,3,62,0,10,1,15,0,0,0,0,1,91
Namakkal,3,89,0,3,1,34,0,0,0,0,1,130
Chennimalai,3,44,0,10,2,8,0,0,0,0,1,67
Madurai,2,34,3,11,2,29,0,0,0,0,1,81
Bangalore,1,74,1,7,1,45,0,0,0,0,1,129
Bangalore,1,40,2,5,1,7,0,0,0,0,1,56
Coimbatore,2,40,2,12,1,1,0,0,0,0,1,58
Namakkal,3,40,2,5,2,13,0,0,0,0,1,65
Delhi,1,89,2,10,0,6,0,0,0,0,1,108
Namakkal,3,72,1,6,0,33,0,0,0,0,1,115
Madurai,2,23,3,5,2,19,0,0,0,0,1,54
Coimbatore,2,23,2,5,2,5,0,0,0,0,1,39
Mumbai,1,20,0,7,2,47,0,0,0,0,1,77
Namakkal,3,81,2,8,1,27,0,0,0,0,1,122
Namakkal,3,55,2,6,1,0,0,0,0,0,1,67
Karur,3,29,1,12,1,9,0,0,0,0,1,55
Chennimalai,3,47,1,9,0,4,0,0,0,0,1,64
Chennimalai,3,21,1,11,2,24,0,0,0,0,1,62
Salem,2,65,2,6,0,40,0,0,0,0,1,115
Bangalore,1,58,2,12,1,13,0,0,0,0,1,87
Namakkal,3,25,5,5,0,35,0,0,0,0,1,73
Chennimalai,3,43,0,4,1,18,0,0,0,0,1,69
Chennai,1,66,0,7,0,34,0,0,0,0,1,108
Chennimalai,3,68,3,3,1,46,0,0,0,0,1,124
Bangalore,1,20,3,12,2,7,0,0,0,0,1,45
Chennimalai,3,47,5,9,1,32,0,0,0,0,1,97
Karur,3,35,3,9,1,17,0,0,0,0,1,68
Coimbatore,2,77,2,6,2,16,0,0,0,0,1,105
Namakkal,3,79,0,0,1,43,0,0,0,0,1,126
Karur,3,48,2,5,0,12,0,0,0,0,1,70
Salem,2,83,0,11,2,30,0,0,0,0,1,128
Madurai,2,28,2,9,1,37,0,0,0,0,1,79
Madurai,2,51,3,5,0,27,0,0,0,0,1,88
Madurai,2,41,4,10,0,24,0,0,0,0,1,81
Delhi,1,90,0,12,1,20,0,0,0,0,1,124
Namakkal,3,29,3,6,0,33,0,0,0,0,1,74
Salem,2,66,3,9,1,27,0,0,0,0,1,108
Madurai,2,87,2,11,2,9,0,0,0,0,1,113
Delhi,1,51,1,10,1,12,0,0,0,0,1,76
Salem,2,41,4,10,2,25,0,0,0,0,1,84
Salem,2,68,2,2,2,1,0,0,0,0,1,77
Namakkal,3,27,3,3,1,41,0,0,0,0,1,78
Madurai,2,72,1,7,1,17,0,0,0,0,1,100
Coimbatore,2,71,0,0,2,6,0,0,0,0,1,81
Namakkal,3,75,2,5,0,10,0,0,0,0,1,95
Mumbai,1,86,0,5,1,35,0,0,0,0,1,128
Coimbatore,2,86,2,6,1,34,0,0,0,0,1,131
Delhi,1,38,3,8,0,29,0,0,0,0,1,79
Chennai,1,64,3,12,1,33,0,0,0,0,1,114
Madurai,2,60,2,10,1,46,0,0,0,0,1,121
Coimbatore,2,65,2,5,1,9,0,0,0,0,1,84
Namakkal,3,76,0,6,1,24,0,0,0,0,1,110
Chennai,1,88,2,3,1,0,0,0,0,0,1,95
Chennai,1,58,3,6,0,7,0,0,0,0,1,75
Karur,3,46,4,6,2,34,0,0,0,0,1,95
Namakkal,3,57,0,6,2,29,0,0,0,0,1,97
Madurai,2,64,3,9,2,36,0,0,0,0,1,116
Chennai,1,89,2,2,2,34,0,0,0,0,1,130
Delhi,1,89,0,11,1,4,0,0,0,0,1,106
Mumbai,1,78,1,4,2,27,0,0,0,0,1,113
Coimbatore,2,65,2,11,2,32,0,0,0,0,1,114
Mumbai,1,18,2,11,2,45,0,0,0,0,1,79
Delhi,1,18,3,6,0,30,0,0,0,0,1,58
Madurai,2,55,1,9,0,36,0,0,0,0,1,103
Delhi,1,34,2,6,1,20,0,0,0,0,1,64
Namakkal,3,81,2,5,2,7,0,0,0,0,1,100
Bangalore,1,64,1,8,2,19,0,0,0,0,1,95
Namakkal,3,71,3,5,1,46,0,0,0,0,1,129
Salem,2,41,0,9,0,4,0,0,0,0,1,56
Chennimalai,3,41,1,4,2,40,0,0,0,0,1,91
Chennimalai,3,89,1,9,2,40,0,0,0,0,1,144
Karur,3,18,1,10,1,9,0,0,0,0,1,42
Namakkal,3,43,4,8,0,0,0,0,0,0,1,58
Bangalore,1,79,1,8,0,3,0,0,0,0,1,92
Madurai,2,23,0,1,0,7,0,0,0,0,1,33
Mumbai,1,56,1,9,0,34,0,0,0,0,1,101
Delhi,1,32,5,11,2,36,0,0,0,0,1,87
Salem,2,45,5,11,1,23,0,0,0,0,1,87
Salem,2,76,2,6,1,37,0,0,0,0,1,124
Chennimalai,3,33,4,8,0,48,0,0,0,0,1,96
Salem,2,59,1,3,2,43,0,0,0,0,1,110
Coimbatore,2,45,5,11,1,32,0,0,0,0,1,96
Coimbatore,2,62,2,10,1,23,0,0,0,0,1,100
Namakkal,3,35,2,2,2,33,0,0,0,0,1,77
Karur,3,75,2,9,0,14,0,0,0,0,1,103
Chennai,1,31,3,11,0,14,0,0,0,0,1,60
Namakkal,3,80,1,9,1,17,0,0,0,0,1,111
Delhi,1,21,1,8,0,6,0,0,0,0,1,37
Bangalore,1,20,5,10,1,3,0,0,0,0,1,40
Chennimalai,3,83,1,10,1,35,0,0,0,0,1,133
Salem,2,19,5,5,2,30,0,0,0,0,1,63
Salem,2,60,0,3,1,42,0,0,0,0,1,108
Mumbai,1,40,5,7,1,37,0,0,0,0,1,91
Chennai,1,18,2,5,1,6,0,0,0,0,1,33
Chennai,1,49,3,6,1,40,0,0,0,0,1,100
Karur,3,91,0,9,1,7,0,0,0,0,1,111
Mumbai,1,23,0,5,2,15,0,0,0,0,1,46
Karur,3,50,2,8,1,15,0,0,0,0,1,79
Namakkal,3,42,1,1,2,6,0,0,0,0,1,55
Mumbai,1,29,0,2,0,44,0,0,0,0,1,76
Delhi,1,80,2,9,0,16,0,0,0,0,1,108
Namakkal,3,81,1,7,2,30,0,0,0,0,1,124
Karur,3,85,0,9,2,2,0,0,0,0,1,101
Mumbai,1,36,5,8,1,35,0,0,0,0,1,86
Karur,3,46,4,10,0,46,0,0,0,0,1,109
Bangalore,1,79,2,7,2,0,0,0,0,0,1,91
Delhi,1,71,5,5,2,27,0,0,0,0,2,222
Bangalore,1,87,3,10,7,14,0,0,0,0,2,244
Bangalore,1,69,7,13,0,7,0,0,0,0,2,194
Delhi,1,60,5,9,5,11,0,0,0,0,2,182
Coimbatore,2,84,4,4,12,19,0,0,0,0,2,250
Mumbai,1,61,3,9,2,17,0,0,0,0,2,186
Madurai,2,73,5,15,4,2,0,0,0,0,2,202
Namakkal,3,83,4,17,10,4,0,0,0,0,2,242
Chennai,1,28,3,8,12,26,0,0,0,0,2,156
Mumbai,1,28,9,11,2,9,0,0,0,0,2,120
Madurai,2,19,4,4,0,34,0,0,0,0,2,126
Coimbatore,2,88,4,8,2,36,0,0,0,0,2,280
Madurai,2,57,2,6,1,12,0,0,0,0,2,160
Chennimalai,3,33,2,10,6,42,0,0,0,0,2,192
Karur,3,72,6,15,5,3,0,0,0,0,2,208
Mumbai,1,43,5,16,0,44,0,0,0,0,2,218
Chennimalai,3,77,4,6,3,16,0,0,0,0,2,218
Bangalore,1,88,3,12,9,42,0,0,0,0,2,310
Chennai,1,58,3,12,9,15,0,0,0,0,2,196
Chennai,1,27,10,14,7,39,0,0,0,0,2,196
Namakkal,3,81,4,17,7,50,0,0,0,0,2,324
Salem,2,63,7,12,1,10,0,0,0,0,2,190
Chennai,1,30,6,7,1,2,0,0,0,0,2,94
Chennai,1,23,7,14,10,36,0,0,0,0,2,182
Chennai,1,81,3,13,3,38,0,0,0,0,2,278
Madurai,2,55,3,5,5,35,0,0,0,0,2,210
Mumbai,1,32,3,11,3,35,0,0,0,0,2,170
Chennai,1,59,6,6,5,50,0,0,0,0,2,254
Karur,3,25,3,14,6,25,0,0,0,0,2,152
Bangalore,1,38,6,11,10,7,0,0,0,0,2,146
Chennimalai,3,29,8,17,11,18,0,0,0,0,2,172
Bangalore,1,34,3,7,8,19,0,0,0,0,2,144
Namakkal,3,89,2,5,5,44,0,0,0,0,2,296
Chennai,1,20,8,14,9,43,0,0,0,0,2,190
Karur,3,68,3,13,10,0,0,0,0,0,2,194
Bangalore,1,61,3,10,11,39,0,0,0,0,2,250
Mumbai,1,52,5,13,3,33,0,0,0,0,2,214
Bangalore,1,81,3,9,4,29,0,0,0,0,2,254
Namakkal,3,52,6,7,12,14,0,0,0,0,2,188
Coimbatore,2,40,8,16,2,38,0,0,0,0,2,212
Bangalore,1,26,8,10,6,27,0,0,0,0,2,156
Madurai,2,91,2,15,9,16,0,0,0,0,2,270
Chennimalai,3,64,2,11,1,3,0,0,0,0,2,168
Chennimalai,3,86,2,9,7,37,0,0,0,0,2,288
Madurai,2,71,5,7,3,15,0,0,0,0,2,206
Mumbai,1,60,3,6,9,2,0,0,0,0,2,162
Madurai,2,78,3,6,7,20,0,0,0,0,2,232
Chennimalai,3,42,5,15,6,43,0,0,0,0,2,228
Bangalore,1,89,2,11,6,15,0,0,0,0,2,248
Salem,2,86,2,13,7,13,0,0,0,0,2,246
Karur,3,70,4,14,8,2,0,0,0,0,2,202
Mumbai,1,50,4,6,0,1,0,0,0,0,2,124
Chennai,1,22,2,16,11,30,0,0,0,0,2,164
Salem,2,87,2,5,9,24,0,0,0,0,2,258
Salem,2,68,7,17,10,45,0,0,0,0,2,298
Namakkal,3,90,2,16,6,9,0,0,0,0,2,252
Mumbai,1,20,3,4,2,8,0,0,0,0,2,76
Karur,3,82,2,12,9,23,0,0,0,0,2,262
Salem,2,83,2,9,1,6,0,0,0,0,2,206
Namakkal,3,64,6,17,0,21,0,0,0,0,2,222
Bangalore,1,48,10,11,10,44,0,0,0,0,2,248
Mumbai,1,64,3,11,5,23,0,0,0,0,2,214
Chennimalai,3,62,2,7,1,25,0,0,0,0,2,200
Chennai,1,88,4,4,7,15,0,0,0,0,2,238
Delhi,1,55,3,10,5,40,0,0,0,0,2,228
Mumbai,1,27,10,12,4,10,0,0,0,0,2,128
Chennimalai,3,21,8,9,5,19,0,0,0,0,2,130
Coimbatore,2,88,2,7,0,0,0,0,0,0,2,198
Karur,3,87,3,10,11,34,0,0,0,0,2,296
Mumbai,1,61,5,8,8,48,0,0,0,0,2,262
Bangalore,1,36,2,12,11,9,0,0,0,0,2,142
Chennai,1,38,9,13,1,46,0,0,0,0,2,216
Chennimalai,3,24,4,10,5,47,0,0,0,0,2,186
Chennai,1,82,3,15,4,8,0,0,0,0,2,226
Madurai,2,77,4,4,8,41,0,0,0,0,2,272
Namakkal,3,48,7,10,0,22,0,0,0,0,2,180
Madurai,2,76,2,3,4,46,0,0,0,0,2,266
Namakkal,3,22,6,8,2,47,0,0,0,0,2,176
Karur,3,37,9,14,2,27,0,0,0,0,2,184
Madurai,2,88,4,6,9,39,0,0,0,0,2,296
Mumbai,1,90,4,17,0,1,0,0,0,0,2,226
Chennimalai,3,44,2,3,10,28,0,0,0,0,2,180
Salem,2,71,7,11,8,40,0,0,0,0,2,278
Madurai,2,59,3,17,9,10,0,0,0,0,2,200
Salem,2,78,3,4,0,41,0,0,0,0,2,256
Delhi,1,20,10,11,6,9,0,0,0,0,2,114
Salem,2,50,3,14,11,17,0,0,0,0,2,194
Namakkal,3,39,4,12,5,30,0,0,0,0,2,186
Coimbatore,2,72,5,17,5,20,0,0,0,0,2,242
Chennimalai,3,67,3,9,2,32,0,0,0,0,2,232
Mumbai,1,52,7,8,10,18,0,0,0,0,2,192
Delhi,1,43,10,14,10,8,0,0,0,0,2,172
Coimbatore,2,61,2,16,10,50,0,0,0,0,2,282
Chennai,1,31,2,14,1,4,0,0,0,0,2,106
Mumbai,1,43,8,15,11,37,0,0,0,0,2,230
Karur,3,84,4,12,12,43,0,0,0,0,2,316
Salem,2,48,10,12,0,27,0,0,0,0,2,198
Delhi,1,53,3,12,12,24,0,0,0,0,2,210
Karur,3,29,8,14,9,38,0,0,0,0,2,202
Chennimalai,3,46,10,13,3,42,0,0,0,0,2,234
Salem,2,86,3,11,2,30,0,0,0,0,2,268
Chennai,1,44,3,16,2,1,0,0,0,0,2,134
Karur,3,77,4,13,0,49,0,0,0,0,2,292
Namakkal,3,49,9,13,9,50,0,0,0,0,2,266
Namakkal,3,59,5,13,0,2,0,0,0,0,2,164
Chennai,1,61,3,15,11,44,0,0,0,0,2,270
Mumbai,1,48,4,7,2,8,0,0,0,0,2,140
Madurai,2,87,2,6,11,29,0,0,0,0,2,274
Chennimalai,3,88,2,15,10,40,0,0,0,0,2,316
Mumbai,1,68,2,12,3,29,0,0,0,0,2,230
Madurai,2,19,3,7,2,23,0,0,0,0,2,112
Namakkal,3,54,3,7,10,2,0,0,0,0,2,158
Coimbatore,2,77,2,10,1,49,0,0,0,0,2,282
Bangalore,1,48,5,14,1,19,0,0,0,0,2,176
Mumbai,1,77,3,11,1,31,0,0,0,0,2,248
Chennimalai,3,36,10,16,7,49,0,0,0,0,2,242
Mumbai,1,89,4,9,5,21,0,0,0,0,2,258
Chennai,1,70,2,8,12,32,0,0,0,0,2,250
Bangalore,1,77,4,10,0,6,0,0,0,0,2,196
Bangalore,1,44,3,14,3,11,0,0,0,0,2,152
Chennai,1,50,6,10,5,1,0,0,0,0,2,146
Coimbatore,2,24,2,15,10,34,0,0,0,0,2,174
Mumbai,1,23,5,10,1,46,0,0,0,0,2,172
Bangalore,1,62,2,9,3,50,0,0,0,0,2,254
Salem,2,21,2,5,10,3,0,0,0,0,2,86
Delhi,1,30,6,7,4,7,0,0,0,0,2,110
Chennai,1,42,7,15,4,13,0,0,0,0,2,164
Chennai,1,68,7,7,2,25,0,0,0,0,2,220
Karur,3,60,6,11,10,36,0,0,0,0,2,252
Coimbatore,2,77,4,7,11,17,0,0,0,0,2,236
Chennimalai,3,59,2,16,7,12,0,0,0,0,2,198
Mumbai,1,26,4,5,0,50,0,0,0,0,2,172
Chennimalai,3,59,6,11,10,14,0,0,0,0,2,206
Bangalore,1,58,5,10,7,34,0,0,0,0,2,230
Chennimalai,3,70,3,9,12,29,0,0,0,0,2,252
Karur,3,89,3,13,9,22,0,0,0,0,2,278
Salem,2,28,9,13,2,11,0,0,0,0,2,130
Bangalore,1,40,5,11,11,14,0,0,0,0,2,164
Mumbai,1,70,2,10,9,49,0,0,0,0,2,282
Bangalore,1,24,2,9,0,19,0,0,0,0,2,110
Mumbai,1,77,3,9,6,14,0,0,0,0,2,220
Namakkal,3,89,2,6,9,10,0,0,0,0,2,238
Delhi,1,56,3,15,11,6,0,0,0,0,2,184
Delhi,1,55,2,2,1,11,0,0,0,0,2,144
Coimbatore,2,34,10,11,4,28,0,0,0,0,2,178
Namakkal,3,47,10,17,7,16,0,0,0,0,2,200
Mumbai,1,22,5,8,6,29,0,0,0,0,2,142
Chennai,1,59,7,17,8,18,0,0,0,0,2,220
Delhi,1,54,7,13,12,12,0,0,0,0,2,198
Mumbai,1,64,5,7,7,40,0,0,0,0,2,248
Madurai,2,20,6,14,2,45,0,0,0,0,2,178
Madurai,2,24,10,16,0,15,0,0,0,0,2,134
Salem,2,91,3,11,11,40,0,0,0,0,2,316
Bangalore,1,72,3,9,6,31,0,0,0,0,2,244
Salem,2,31,10,15,11,19,0,0,0,0,2,176
Madurai,2,36,9,9,12,17,0,0,0,0,2,170
Madurai,2,81,3,4,0,32,0,0,0,0,2,244
Namakkal,3,89,3,8,9,10,0,0,0,0,2,244
Bangalore,1,23,4,8,11,18,0,0,0,0,2,130
Bangalore,1,19,9,15,8,39,0,0,0,0,2,182
Delhi,1,28,10,13,5,26,0,0,0,0,2,166
Mumbai,1,18,7,9,10,6,0,0,0,0,2,102
Coimbatore,2,34,2,2,1,37,0,0,0,0,2,156
Namakkal,3,38,7,17,1,25,0,0,0,0,2,182
Karur,3,67,3,11,7,1,0,0,0,0,2,184
Mumbai,1,74,2,5,11,45,0,0,0,0,2,276
Delhi,1,37,7,14,7,9,0,0,0,0,2,150
Madurai,2,69,6,13,5,19,0,0,0,0,2,228
Coimbatore,2,26,7,15,1,47,0,0,0,0,2,196
Coimbatore,2,78,3,14,1,43,0,0,0,0,2,282
Coimbatore,2,47,9,12,12,50,0,0,0,0,2,264
Chennimalai,3,31,10,10,4,20,0,0,0,0,2,156
Bangalore,1,36,8,9,11,1,0,0,0,0,2,132
Madurai,2,31,9,10,2,9,0,0,0,0,2,126
Mumbai,1,30,10,14,1,21,0,0,0,0,2,154
Bangalore,1,44,10,17,12,11,0,0,0,0,2,190
Namakkal,3,82,4,8,1,15,0,0,0,0,2,226
Karur,3,53,4,4,7,49,0,0,0,0,2,240
Chennimalai,3,78,4,16,12,5,0,0,0,0,2,236
Karur,3,61,5,13,9,39,0,0,0,0,2,260
Chennimalai,3,27,5,14,0,1,0,0,0,0,2,100
Bangalore,1,37,2,6,8,46,0,0,0,0,2,200
Chennimalai,3,42,8,15,0,38,0,0,0,0,2,212
Delhi,1,85,2,7,11,9,0,0,0,0,2,230
Chennimalai,3,68,7,13,7,15,0,0,0,0,2,226
Karur,3,47,10,11,11,19,0,0,0,0,2,202
Salem,2,19,3,17,5,29,0,0,0,0,2,150
Chennimalai,3,45,6,9,2,7,0,0,0,0,2,144
Delhi,1,88,4,7,0,12,0,0,0,0,2,224
Chennai,1,35,5,6,12,3,0,0,0,0,2,124
Coimbatore,2,30,8,17,5,13,0,0,0,0,2,150
Salem,2,65,2,8,3,22,0,0,0,0,2,204
Delhi,1,76,3,17,5,3,0,0,0,0,2,210
Coimbatore,2,63,5,17,12,32,0,0,0,0,2,262
Coimbatore,2,88,3,4,12,40,0,0,0,0,2,298
Chennai,1,39,5,17,8,12,0,0,0,0,2,164
Chennai,1,67,6,10,0,34,0,0,0,0,2,236
Madurai,2,25,10,12,8,22,0,0,0,0,2,158
Madurai,2,42,6,10,8,14,0,0,0,0,2,164
Coimbatore,2,84,2,3,6,3,0,0,0,0,2,200
Namakkal,3,77,3,13,1,42,0,0,0,0,2,278
Namakkal,3,37,4,13,10,14,0,0,0,0,2,162
Chennai,1,50,6,11,12,20,0,0,0,0,2,200
Chennimalai,3,79,2,14,2,22,0,0,0,0,2,244
Chennimalai,3,32,6,15,11,22,0,0,0,0,2,178
Salem,2,86,3,8,7,26,0,0,0,0,2,264
Bangalore,1,66,3,3,7,30,0,0,0,0,2,220
Mumbai,1,71,3,4,11,6,0,0,0,0,2,192
Coimbatore,2,60,6,17,0,0,0,0,0,0,2,170
Chennai,1,56,5,15,3,49,0,0,0,0,2,258
Namakkal,3,43,7,11,11,0,0,0,0,0,2,150
Coimbatore,2,56,5,5,10,29,0,0,0,0,2,214
Delhi,1,29,3,15,1,45,0,0,0,0,2,188
Delhi,1,48,8,12,1,47,0,0,0,0,2,234
Bangalore,1,85,2,7,2,35,0,0,0,0,2,264
Coimbatore,2,68,2,11,5,30,0,0,0,0,2,236
Chennai,1,18,9,11,1,50,0,0,0,0,2,180
Coimbatore,2,46,9,10,0,36,0,0,0,0,2,206
Karur,3,73,5,6,6,6,0,0,0,0,2,198
Salem,2,30,4,14,2,40,0,0,0,0,2,184
Karur,3,52,4,17,6,20,0,0,0,0,2,204
Chennai,1,47,6,9,9,14,0,0,0,0,2,172
Mumbai,1,55,6,6,5,47,0,0,0,0,2,240
Karur,3,76,4,16,4,44,0,0,0,0,2,294
Mumbai,1,18,10,17,3,2,0,0,0,0,2,102
Namakkal,3,41,7,17,12,3,0,0,0,0,2,166
Madurai,2,33,7,7,12,46,0,0,0,0,2,214
Madurai,2,76,4,11,0,50,0,0,0,0,2,286
Karur,3,84,4,8,10,24,0,0,0,0,2,266
Karur,3,51,4,8,12,3,0,0,0,0,2,162
Namakkal,3,54,4,7,4,22,0,0,0,0,2,188
Delhi,1,22,9,9,4,48,0,0,0,0,2,186
Mumbai,1,76,3,4,8,16,0,0,0,0,2,216
Namakkal,3,67,2,7,6,25,0,0,0,0,2,220
Bangalore,1,49,4,8,7,16,0,0,0,0,2,170
Coimbatore,2,19,3,6,8,6,0,0,0,0,2,88
Chennai,1,28,5,5,5,1,0,0,0,0,2,90
Bangalore,1,46,6,15,1,38,0,0,0,0,2,214
Salem,2,28,2,11,9,3,0,0,0,0,2,110
Namakkal,3,73,2,6,4,8,0,0,0,0,2,192
Namakkal,3,43,3,9,8,2,0,0,0,0,2,136
Salem,2,64,3,3,0,36,0,0,0,0,2,216
Delhi,1,51,5,11,6,49,0,0,0,0,2,246
Mumbai,1,42,5,14,3,27,0,0,0,0,2,184
Karur,3,45,4,14,4,6,0,0,0,0,2,152
Madurai,2,49,4,5,10,14,0,0,0,0,2,168
Mumbai,1,86,4,9,9,45,0,0,0,0,2,308
Madurai,2,57,4,5,2,24,0,0,0,0,2,188
Coimbatore,2,70,2,3,0,28,0,0,0,0,2,210
Namakkal,3,59,3,8,5,2,0,0,0,0,2,160
Coimbatore,2,54,5,7,7,41,0,0,0,0,2,232
Salem,2,48,9,16,5,38,0,0,0,0,2,236
Chennai,1,37,7,13,2,12,0,0,0,0,2,144
Salem,2,59,6,11,11,44,0,0,0,0,2,266
Chennai,1,33,8,9,2,13,0,0,0,0,2,132
Bangalore,1,51,7,16,8,20,0,0,0,0,2,206
Karur,3,52,3,11,1,8,0,0,0,0,2,156
Karur,3,19,6,15,9,19,0,0,0,0,2,142
Chennimalai,3,20,8,10,6,39,0,0,0,0,2,172
Namakkal,3,52,6,9,1,28,0,0,0,0,2,198
Madurai,2,85,2,2,9,35,0,0,0,0,2,270
Chennai,1,37,8,11,11,18,0,0,0,0,2,172
Salem,2,59,2,7,12,8,0,0,0,0,2,180
Chennai,1,28,7,16,10,23,0,0,0,0,2,170
Mumbai,1,47,6,16,2,26,0,0,0,0,2,196
Chennai,1,91,4,12,10,24,0,0,0,0,2,284
Namakkal,3,76,4,7,0,21,0,0,0,0,2,222
Chennimalai,3,30,3,6,3,37,0,0,0,0,2,164
Chennai,1,63,7,16,6,14,0,0,0,0,2,214
Bangalore,1,72,3,11,1,48,0,0,0,0,2,272
Chennai,1,37,7,12,11,16,0,0,0,0,2,168
Namakkal,3,78,3,8,10,42,0,0,0,0,2,288
Chennai,1,65,7,13,8,27,0,0,0,0,2,242
Mumbai,1,63,7,9,11,45,0,0,0,0,2,272
Chennimalai,3,47,3,9,8,33,0,0,0,0,2,206
Namakkal,3,37,3,8,8,2,0,0,0,0,2,122
Chennai,1,56,4,5,11,26,0,0,0,0,2,206
Chennimalai,3,18,8,12,9,21,0,0,0,0,2,142
Delhi,1,21,6,10,6,3,0,0,0,0,2,94
Delhi,1,21,9,13,10,33,0,0,0,0,2,174
Delhi,1,72,4,11,11,11,0,0,0,0,2,220
Salem,2,24,5,5,4,19,0,0,0,0,2,118
Karur,3,39,6,17,11,27,0,0,0,0,2,206
Salem,2,63,7,13,0,30,0,0,0,0,2,230
Madurai,2,41,4,12,8,31,0,0,0,0,2,196
Namakkal,3,18,3,16,5,35,0,0,0,0,2,160
Mumbai,1,25,4,6,2,13,0,0,0,0,2,102
Mumbai,1,53,6,12,9,39,0,0,0,0,2,240
Karur,3,28,10,16,9,47,0,0,0,0,2,226
Coimbatore,2,38,7,16,10,6,0,0,0,0,2,158
Karur,3,22,5,16,9,20,0,0,0,0,2,150
Delhi,1,21,10,11,9,35,0,0,0,0,2,174
Delhi,1,62,5,8,1,3,0,0,0,0,2,160
Namakkal,3,47,3,12,6,44,0,0,0,0,2,230
Mumbai,1,82,4,15,10,6,0,0,0,0,2,236
Chennai,1,50,4,15,6,29,0,0,0,0,2,210
Salem,2,43,7,16,9,1,0,0,0,0,2,156
Mumbai,1,91,2,11,0,10,0,0,0,0,2,230
Chennimalai,3,54,6,15,5,45,0,0,0,0,2,256
Madurai,2,29,7,9,11,15,0,0,0,0,2,146
Delhi,1,62,5,9,0,335,0,0,0,0,3,1236
Delhi,1,45,14,17,12,206,0,0,0,0,3,885
Salem,2,67,8,8,20,53,0,0,0,0,3,474
Coimbatore,2,24,7,7,17,364,0,0,0,0,3,1263
Chennimalai,3,39,6,16,12,226,0,0,0,0,3,906
Chennai,1,71,6,12,14,228,0,0,0,0,3,996
Madurai,2,56,7,10,1,279,0,0,0,0,3,1065
Salem,2,74,5,12,19,295,0,0,0,0,3,1221
Chennimalai,3,78,5,16,0,125,0,0,0,0,3,681
Chennai,1,63,8,12,17,455,0,0,0,0,3,1668
Chennimalai,3,53,5,18,20,468,0,0,0,0,3,1701
Karur,3,61,7,13,7,242,0,0,0,0,3,999
Madurai,2,79,5,21,6,463,0,0,0,0,3,1728
Coimbatore,2,41,9,16,4,240,0,0,0,0,3,936
Bangalore,1,40,11,16,15,82,0,0,0,0,3,495
Chennimalai,3,47,9,11,0,218,0,0,0,0,3,864
Bangalore,1,80,5,12,10,411,0,0,0,0,3,1557
Salem,2,45,7,17,4,472,0,0,0,0,3,1641
Madurai,2,25,7,13,15,50,0,0,0,0,3,336
Mumbai,1,32,5,10,1,431,0,0,0,0,3,1440
Salem,2,20,14,21,4,230,0,0,0,0,3,873
Chennimalai,3,43,12,20,16,460,0,0,0,0,3,1662
Madurai,2,24,9,11,7,479,0,0,0,0,3,1596
Karur,3,73,10,10,15,133,0,0,0,0,3,732
Karur,3,54,9,20,11,153,0,0,0,0,3,750
Chennimalai,3,20,7,19,0,317,0,0,0,0,3,1098
Karur,3,42,8,16,7,285,0,0,0,0,3,1083
Mumbai,1,29,7,7,4,347,0,0,0,0,3,1185
Salem,2,31,12,20,3,340,0,0,0,0,3,1224
Karur,3,52,6,21,20,329,0,0,0,0,3,1293
Karur,3,61,9,21,19,334,0,0,0,0,3,1341
Chennai,1,40,11,18,15,258,0,0,0,0,3,1029
Bangalore,1,67,9,20,12,491,0,0,0,0,3,1800
Coimbatore,2,30,6,13,19,69,0,0,0,0,3,417
Namakkal,3,35,13,18,13,229,0,0,0,0,3,933
Delhi,1,42,14,16,3,329,0,0,0,0,3,1215
Karur,3,39,6,20,5,92,0,0,0,0,3,495
Salem,2,67,5,19,9,228,0,0,0,0,3,990
Namakkal,3,19,9,14,19,289,0,0,0,0,3,1059
Chennai,1,35,12,15,20,390,0,0,0,0,3,1419
Namakkal,3,42,12,17,1,407,0,0,0,0,3,1446
Delhi,1,36,7,12,17,309,0,0,0,0,3,1146
Bangalore,1,59,8,21,9,73,0,0,0,0,3,513
Chennai,1,48,10,21,13,311,0,0,0,0,3,1212
Chennimalai,3,64,8,14,10,449,0,0,0,0,3,1644
Coimbatore,2,69,5,20,15,296,0,0,0,0,3,1221
Namakkal,3,34,10,15,13,452,0,0,0,0,3,1581
Delhi,1,63,6,17,10,449,0,0,0,0,3,1638
Mumbai,1,35,10,11,19,255,0,0,0,0,3,993
Namakkal,3,53,8,10,20,377,0,0,0,0,3,1413
Mumbai,1,70,6,10,11,116,0,0,0,0,3,642
Karur,3,22,6,15,7,218,0,0,0,0,3,813
Namakkal,3,37,11,20,12,134,0,0,0,0,3,651
Salem,2,78,5,19,0,360,0,0,0,0,3,1392
Karur,3,73,9,9,6,73,0,0,0,0,3,519
Chennai,1,33,12,18,7,264,0,0,0,0,3,1005
Coimbatore,2,41,11,13,16,443,0,0,0,0,3,1578
Chennai,1,38,13,21,5,317,0,0,0,0,3,1185
Madurai,2,71,5,14,17,390,0,0,0,0,3,1497
Karur,3,65,6,16,14,222,0,0,0,0,3,978
Salem,2,50,5,20,7,490,0,0,0,0,3,1722
Madurai,2,52,10,15,18,454,0,0,0,0,3,1653
Namakkal,3,55,9,10,15,86,0,0,0,0,3,534
Chennimalai,3,70,8,18,20,187,0,0,0,0,3,918
Delhi,1,73,10,12,2,437,0,0,0,0,3,1605
Mumbai,1,66,6,9,20,188,0,0,0,0,3,870
Salem,2,72,5,19,10,331,0,0,0,0,3,1317
Madurai,2,32,9,17,10,184,0,0,0,0,3,762
Salem,2,50,9,16,6,438,0,0,0,0,3,1563
Madurai,2,39,14,14,18,258,0,0,0,0,3,1035
Chennai,1,70,9,15,1,131,0,0,0,0,3,681
Namakkal,3,27,7,8,2,51,0,0,0,0,3,294
Karur,3,39,11,20,5,130,0,0,0,0,3,624
Chennimalai,3,77,5,21,10,306,0,0,0,0,3,1266
Madurai,2,69,8,13,3,483,0,0,0,0,3,1734
Chennimalai,3,39,14,19,10,171,0,0,0,0,3,768
Mumbai,1,70,7,12,17,411,0,0,0,0,3,1554
Madurai,2,67,10,15,15,57,0,0,0,0,3,498
Mumbai,1,80,5,21,4,174,0,0,0,0,3,855
Delhi,1,76,5,9,0,162,0,0,0,0,3,759
Namakkal,3,18,5,9,5,223,0,0,0,0,3,789
Coimbatore,2,72,7,8,19,78,0,0,0,0,3,558
Madurai,2,59,6,16,14,158,0,0,0,0,3,765
Chennimalai,3,24,6,16,15,145,0,0,0,0,3,627
Salem,2,61,5,21,10,234,0,0,0,0,3,999
Salem,2,42,5,20,20,354,0,0,0,0,3,1329
Mumbai,1,38,6,18,6,222,0,0,0,0,3,873
Salem,2,37,6,19,4,481,0,0,0,0,3,1647
Delhi,1,33,6,15,18,125,0,0,0,0,3,594
Karur,3,43,6,20,16,470,0,0,0,0,3,1674
Coimbatore,2,19,13,17,6,61,0,0,0,0,3,354
Bangalore,1,65,8,15,6,250,0,0,0,0,3,1035
Bangalore,1,46,9,21,5,200,0,0,0,0,3,846
Mumbai,1,58,5,21,1,349,0,0,0,0,3,1305
Karur,3,33,5,11,11,102,0,0,0,0,3,495
Delhi,1,73,10,18,17,459,0,0,0,0,3,1734
Mumbai,1,21,14,18,15,249,0,0,0,0,3,954
Mumbai,1,79,5,9,10,416,0,0,0,0,3,1560
Salem,2,63,9,9,9,123,0,0,0,0,3,645
Bangalore,1,20,14,21,14,160,0,0,0,0,3,690
Mumbai,1,40,12,19,1,261,0,0,0,0,3,1002
Namakkal,3,39,13,19,14,252,0,0,0,0,3,1020
Madurai,2,65,8,17,9,481,0,0,0,0,3,1746
Salem,2,71,9,10,11,356,0,0,0,0,3,1377
Delhi,1,63,7,7,12,273,0,0,0,0,3,1089
Namakkal,3,27,11,17,18,273,0,0,0,0,3,1047
Karur,3,73,7,8,12,281,0,0,0,0,3,1152
Mumbai,1,39,10,11,14,131,0,0,0,0,3,618
Salem,2,43,12,12,4,337,0,0,0,0,3,1230
Chennai,1,21,13,16,20,463,0,0,0,0,3,1602
Mumbai,1,31,8,17,9,269,0,0,0,0,3,1005
Salem,2,62,7,8,16,53,0,0,0,0,3,444
Coimbatore,2,49,9,11,20,403,0,0,0,0,3,1482
Coimbatore,2,59,7,12,14,403,0,0,0,0,3,1491
Salem,2,71,6,12,13,440,0,0,0,0,3,1632
Mumbai,1,75,5,11,15,220,0,0,0,0,3,981
Bangalore,1,52,6,18,11,173,0,0,0,0,3,783
Salem,2,51,10,16,15,413,0,0,0,0,3,1521
Bangalore,1,51,10,18,0,183,0,0,0,0,3,789
Namakkal,3,47,6,10,7,465,0,0,0,0,3,1614
Namakkal,3,21,14,18,13,298,0,0,0,0,3,1101
Namakkal,3,22,14,17,19,116,0,0,0,0,3,573
Namakkal,3,22,5,17,20,240,0,0,0,0,3,921
Bangalore,1,54,7,7,15,334,0,0,0,0,3,1254
Delhi,1,62,8,13,3,410,0,0,0,0,3,1491
Salem,2,76,5,17,19,209,0,0,0,0,3,984
Karur,3,50,6,13,12,357,0,0,0,0,3,1323
Karur,3,47,5,7,7,488,0,0,0,0,3,1671
Bangalore,1,35,10,15,10,243,0,0,0,0,3,942
Delhi,1,29,13,13,6,435,0,0,0,0,3,1491
Chennimalai,3,25,10,12,10,101,0,0,0,0,3,483
Madurai,2,32,7,16,18,351,0,0,0,0,3,1278
Karur,3,45,6,13,9,88,0,0,0,0,3,492
Salem,2,54,9,15,0,290,0,0,0,0,3,1110
Karur,3,24,13,14,20,461,0,0,0,0,3,1605
Salem,2,44,8,12,19,389,0,0,0,0,3,1422
Chennai,1,42,10,19,14,475,0,0,0,0,3,1683
Delhi,1,71,7,9,12,107,0,0,0,0,3,621
Namakkal,3,26,7,13,20,97,0,0,0,0,3,498
Mumbai,1,32,6,10,0,180,0,0,0,0,3,687
Salem,2,76,5,19,5,319,0,0,0,0,3,1278
Karur,3,35,5,20,4,58,0,0,0,0,3,375
Salem,2,41,14,16,15,432,0,0,0,0,3,1560
Delhi,1,50,6,12,14,472,0,0,0,0,3,1665
Mumbai,1,30,11,13,2,271,0,0,0,0,3,984
Chennai,1,78,5,20,0,265,0,0,0,0,3,1107
Chennimalai,3,68,6,18,12,275,0,0,0,0,3,1146
Namakkal,3,70,9,21,3,445,0,0,0,0,3,1653
Bangalore,1,71,10,12,18,168,0,0,0,0,3,840
Coimbatore,2,21,9,19,17,420,0,0,0,0,3,1464
Chennai,1,69,10,11,20,380,0,0,0,0,3,1473
Coimbatore,2,39,12,15,3,213,0,0,0,0,3,852
Salem,2,69,9,10,7,106,0,0,0,0,3,609
Bangalore,1,68,10,14,0,470,0,0,0,0,3,1689
Bangalore,1,62,6,12,7,448,0,0,0,0,3,1608
Chennai,1,44,6,9,10,87,0,0,0,0,3,471
Coimbatore,2,29,6,14,3,126,0,0,0,0,3,540
Delhi,1,50,8,17,0,229,0,0,0,0,3,915
Karur,3,53,6,6,4,457,0,0,0,0,3,1587
Chennai,1,18,13,19,17,377,0,0,0,0,3,1335
Delhi,1,21,6,14,10,162,0,0,0,0,3,642
Salem,2,21,5,17,20,365,0,0,0,0,3,1290
Salem,2,63,10,10,12,118,0,0,0,0,3,645
Karur,3,31,5,13,7,459,0,0,0,0,3,1554
Bangalore,1,66,8,18,5,273,0,0,0,0,3,1113
Chennai,1,22,10,10,15,332,0,0,0,0,3,1170
Namakkal,3,32,8,12,8,393,0,0,0,0,3,1368
Mumbai,1,25,5,20,12,343,0,0,0,0,3,1218
Namakkal,3,57,7,13,5,87,0,0,0,0,3,516
Delhi,1,32,14,20,5,490,0,0,0,0,3,1686
Madurai,2,69,5,12,17,386,0,0,0,0,3,1473
Bangalore,1,76,5,19,15,342,0,0,0,0,3,1374
Delhi,1,67,7,18,14,176,0,0,0,0,3,849
Chennimalai,3,75,5,5,2,422,0,0,0,0,3,1536
Namakkal,3,39,7,10,13,158,0,0,0,0,3,690
Mumbai,1,68,10,20,1,307,0,0,0,0,3,1221
Chennimalai,3,53,5,7,13,66,0,0,0,0,3,441
Bangalore,1,65,8,11,19,303,0,0,0,0,3,1221
Chennai,1,62,6,14,4,373,0,0,0,0,3,1380
Salem,2,69,5,6,12,246,0,0,0,0,3,1020
Namakkal,3,23,8,15,14,165,0,0,0,0,3,684
Namakkal,3,59,7,15,16,241,0,0,0,0,3,1023
Karur,3,79,5,6,4,439,0,0,0,0,3,1608
Chennimalai,3,42,13,13,5,98,0,0,0,0,3,522
Namakkal,3,44,5,21,17,483,0,0,0,0,3,1719
Karur,3,66,7,18,1,450,0,0,0,0,3,1635
Delhi,1,63,8,16,14,382,0,0,0,0,3,1452
Madurai,2,56,5,18,17,143,0,0,0,0,3,723
Delhi,1,26,10,10,5,175,0,0,0,0,3,681
Chennai,1,41,12,12,17,245,0,0,0,0,3,984
Salem,2,62,9,15,11,374,0,0,0,0,3,1419
Mumbai,1,39,10,19,20,67,0,0,0,0,3,468
Salem,2,74,5,9,0,243,0,0,0,0,3,999
Coimbatore,2,73,9,19,10,141,0,0,0,0,3,762
Bangalore,1,49,12,13,18,270,0,0,0,0,3,1089
Bangalore,1,79,5,5,5,78,0,0,0,0,3,519
Mumbai,1,51,5,16,11,194,0,0,0,0,3,834
Chennimalai,3,29,13,19,10,406,0,0,0,0,3,1440
Karur,3,80,5,7,15,206,0,0,0,0,3,948
Namakkal,3,76,5,19,2,233,0,0,0,0,3,1014
Bangalore,1,68,9,15,20,233,0,0,0,0,3,1038
Salem,2,41,11,19,9,281,0,0,0,0,3,1089
Namakkal,3,71,8,17,18,328,0,0,0,0,3,1335
Delhi,1,59,8,17,1,207,0,0,0,0,3,879
Bangalore,1,50,5,20,11,298,0,0,0,0,3,1155
Chennimalai,3,50,6,19,1,403,0,0,0,0,3,1446
Delhi,1,62,9,9,0,461,0,0,0,0,3,1626
Karur,3,49,8,11,15,361,0,0,0,0,3,1341
Delhi,1,32,14,19,12,417,0,0,0,0,3,1485
Madurai,2,57,5,19,13,247,0,0,0,0,3,1029
Bangalore,1,45,8,9,10,164,0,0,0,0,3,711
Coimbatore,2,31,7,14,18,381,0,0,0,0,3,1359
Salem,2,47,13,16,16,416,0,0,0,0,3,1530
Coimbatore,2,65,10,13,19,155,0,0,0,0,3,792
Karur,3,53,5,6,10,255,0,0,0,0,3,996
Chennimalai,3,44,7,10,19,357,0,0,0,0,3,1320
Mumbai,1,45,14,21,19,78,0,0,0,0,3,534
Coimbatore,2,46,5,11,20,407,0,0,0,0,3,1473
Karur,3,50,5,14,12,367,0,0,0,0,3,1353
Coimbatore,2,73,8,14,5,407,0,0,0,0,3,1527
Madurai,2,46,9,17,19,144,0,0,0,0,3,711
Bangalore,1,55,5,12,11,410,0,0,0,0,3,1482
Delhi,1,46,6,8,18,387,0,0,0,0,3,1398
Karur,3,56,7,7,9,433,0,0,0,0,3,1545
Madurai,2,60,8,9,5,299,0,0,0,0,3,1149
Mumbai,1,73,7,15,19,102,0,0,0,0,3,651
Mumbai,1,44,9,13,5,394,0,0,0,0,3,1398
Mumbai,1,61,10,10,9,171,0,0,0,0,3,786
Bangalore,1,28,6,17,2,420,0,0,0,0,3,1422
Delhi,1,45,11,14,6,157,0,0,0,0,3,702
Delhi,1,28,13,17,10,238,0,0,0,0,3,921
Karur,3,51,7,19,5,355,0,0,0,0,3,1320
Chennai,1,80,5,9,15,260,0,0,0,0,3,1110
Madurai,2,32,7,11,6,54,0,0,0,0,3,336
Delhi,1,77,5,10,19,146,0,0,0,0,3,774
Bangalore,1,60,5,15,15,279,0,0,0,0,3,1125
Coimbatore,2,21,11,18,10,412,0,0,0,0,3,1422
Namakkal,3,44,8,12,17,314,0,0,0,0,3,1194
Mumbai,1,19,12,16,9,54,0,0,0,0,3,333
Madurai,2,44,10,21,19,168,0,0,0,0,3,792
Mumbai,1,23,9,20,16,106,0,0,0,0,3,525
Coimbatore,2,50,8,17,9,388,0,0,0,0,3,1422
Karur,3,57,10,13,13,174,0,0,0,0,3,810
Namakkal,3,37,7,19,19,355,0,0,0,0,3,1320
Namakkal,3,40,9,13,5,114,0,0,0,0,3,552
Chennimalai,3,74,5,12,0,105,0,0,0,0,3,597
Madurai,2,45,11,19,6,139,0,0,0,0,3,666
Bangalore,1,19,11,12,5,199,0,0,0,0,3,741
Salem,2,72,6,18,2,231,0,0,0,0,3,993
Namakkal,3,45,8,11,9,288,0,0,0,0,3,1092
Bangalore,1,78,5,9,10,306,0,0,0,0,3,1227
Coimbatore,2,49,7,20,17,121,0,0,0,0,3,648
Salem,2,32,7,9,20,81,0,0,0,0,3,453
Salem,2,60,10,21,19,197,0,0,0,0,3,927
Coimbatore,2,80,5,14,11,387,0,0,0,0,3,1497
Mumbai,1,28,8,13,2,122,0,0,0,0,3,522
Mumbai,1,63,7,7,7,155,0,0,0,0,3,720
Chennai,1,34,5,8,8,347,0,0,0,0,3,1209
Karur,3,50,6,19,12,192,0,0,0,0,3,846
Coimbatore,2,77,5,19,1,354,0,0,0,0,3,1374
Salem,2,65,6,18,10,200,0,0,0,0,3,903
Coimbatore,2,61,7,17,5,285,0,0,0,0,3,1131
Coimbatore,2,41,12,14,5,330,0,0,0,0,3,1212
Chennimalai,3,45,9,11,20,318,0,0,0,0,3,1218
Mumbai,1,53,5,18,17,436,0,0,0,0,3,1590
Chennimalai,3,34,8,14,19,80,0,0,0,0,3,474
Mumbai,1,64,7,21,14,124,0,0,0,0,3,693
Bangalore,1,42,9,10,0,429,0,0,0,0,3,1473
Namakkal,3,72,9,10,6,333,0,0,0,0,3,1299
Madurai,2,54,10,20,8,81,0,0,0,0,3,525
Delhi,1,68,9,21,17,107,0,0,0,0,3,669
Chennai,1,46,8,19,14,135,0,0,0,0,3,669
Coimbatore,2,77,5,7,20,361,0,0,0,0,3,1416
Namakkal,3,44,14,15,13,134,0,0,0,0,3,669
Namakkal,3,28,11,18,12,106,0,0,0,0,3,534
Coimbatore,2,49,10,15,6,118,0,0,0,0,3,600
Mumbai,1,56,8,17,6,327,0,0,0,0,3,1245
Madurai,2,49,10,12,1,66,0,0,0,0,3,420
Mumbai,1,22,8,10,15,242,0,0,0,0,3,894
Chennimalai,3,62,10,21,13,213,0,0,0,0,3,966
Salem,2,66,10,15,10,434,0,0,0,0,3,1611
Mumbai,1,44,6,18,12,331,0,0,0,0,3,1236
Namakkal,3,30,6,17,10,336,0,0,0,0,3,1206
Delhi,1,46,9,11,20,164,0,0,0,0,3,753
Bangalore,1,43,6,11,14,247,0,0,0,0,3,966
Namakkal,3,45,12,15,16,238,0,0,0,0,3,987
Chennai,1,31,8,9,2,145,0,0,0,0,3,588
Mumbai,1,31,9,10,8,342,0,0,0,0,3,1203
Mumbai,1,79,5,7,11,62,0,0,0,0,3,495
Madurai,2,60,8,15,11,272,0,0,0,0,3,1104
Madurai,2,19,9,16,0,256,0,0,0,0,3,906
Mumbai,1,29,9,9,6,463,0,0,0,0,3,1551
Madurai,2,53,5,9,4,458,0,0,0,0,3,1593
Karur,3,54,8,14,2,173,0,0,0,0,3,762
Chennimalai,3,69,10,15,19,278,0,0,0,0,3,1182
Delhi,1,47,7,7,8,86,0,0,0,0,3,468
Salem,2,50,9,19,16,154,0,0,0,0,3,750
Delhi,1,37,13,18,11,184,0,0,0,0,3,792
Chennimalai,3,29,7,17,10,221,0,0,0,0,3,861
Namakkal,3,72,5,5,0,125,0,0,0,0,3,630
Mumbai,1,25,11,21,5,164,0,0,0,0,3,681
Mumbai,1,59,6,6,2,98,0,0,0,0,3,516
Madurai,2,74,5,13,19,343,0,0,0,0,3,1368
Bangalore,1,72,6,12,13,489,0,0,0,0,3,1779
Madurai,2,62,7,19,3,458,0,0,0,0,3,1653
Delhi,1,58,10,10,19,64,0,0,0,0,3,486
Coimbatore,2,29,14,17,16,239,0,0,0,0,3,951
Chennimalai,3,63,5,14,19,115,0,0,0,0,3,657
Salem,2,44,7,10,5,334,0,0,0,0,3,1206
Salem,2,37,11,21,15,473,0,0,0,0,3,1677
Karur,3,52,9,16,5,455,0,0,0,0,3,1620
Salem,2,27,12,14,18,131,0,0,0,0,3,612
Chennai,1,19,14,14,4,343,0,0,0,0,3,1185
Karur,3,69,5,10,9,384,0,0,0,0,3,1440
Coimbatore,2,79,5,5,14,349,0,0,0,0,3,1362
Namakkal,3,20,9,20,13,301,0,0,0,0,3,1098
Karur,3,42,10,10,2,266,0,0,0,0,3,999
Coimbatore,2,73,6,19,0,91,0,0,0,0,3,573
Karur,3,55,6,18,20,149,0,0,0,0,3,753
Karur,3,68,8,10,9,438,0,0,0,0,3,1608
Namakkal,3,18,8,12,8,287,0,0,0,0,3,1008
Bangalore,1,60,8,9,4,436,0,0,0,0,3,1554
Salem,2,74,5,11,15,268,0,0,0,0,3,1125
Delhi,1,33,8,21,10,372,0,0,0,0,3,1335
Delhi,1,48,10,17,10,229,0,0,0,0,3,945
Coimbatore,2,18,13,14,15,253,0,0,0,0,3,945
Chennimalai,3,47,11,19,9,155,0,0,0,0,3,732
Chennai,1,31,9,21,9,157,0,0,0,0,3,684
Coimbatore,2,54,6,6,0,467,0,0,0,0,3,1605
Mumbai,1,25,5,20,7,207,0,0,0,0,3,795
Delhi,1,32,6,21,0,292,0,0,0,0,3,1056
Salem,2,27,14,19,13,387,0,0,0,0,3,1386
Chennai,1,69,5,17,10,400,0,0,0,0,3,1506
Chennai,1,65,9,16,4,488,0,0,0,0,3,1749
Namakkal,3,78,5,16,4,406,0,0,0,0,3,1536
Bangalore,1,55,10,12,16,275,0,0,0,0,3,1107
Salem,2,67,10,21,5,344,0,0,0,0,3,1347
Salem,2,23,8,10,15,206,0,0,0,0,3,792
Bangalore,1,40,9,20,17,473,0,0,0,0,3,1680
Salem,2,36,10,10,18,485,0,0,0,0,3,1683
Delhi,1,69,5,12,7,411,0,0,0,0,3,1515
Madurai,2,41,13,18,3,338,0,0,0,0,3,1245
Namakkal,3,69,7,14,0,136,0,0,0,0,3,687
Karur,3,38,13,21,13,162,0,0,0,0,3,750
Karur,3,38,12,16,6,338,0,0,0,0,3,1239
Delhi,1,39,11,20,8,497,0,0,0,0,3,1728
Chennai,1,37,9,19,4,100,0,0,0,0,3,510
Delhi,1,22,11,20,4,436,0,0,0,0,3,1482
Bangalore,1,69,10,12,1,404,0,0,0,0,3,1491
Mumbai,1,69,10,10,9,242,0,0,0,0,3,1023
Karur,3,63,8,17,9,409,0,0,0,0,3,1527
Madurai,2,75,5,17,19,291,0,0,0,0,3,1227
Chennai,1,53,6,9,15,287,0,0,0,0,3,1113
Salem,2,76,5,20,18,408,0,0,0,0,3,1587
Madurai,2,47,13,16,4,418,0,0,0,0,3,1500
Delhi,1,63,7,10,15,93,0,0,0,0,3,567
Madurai,2,33,14,18,8,150,0,0,0,0,3,675
Mumbai,1,36,9,16,9,239,0,0,0,0,3,930
Salem,2,39,9,12,1,137,0,0,0,0,3,600
Salem,2,47,10,21,14,312,0,0,0,0,3,1218
Salem,2,23,9,12,18,306,0,0,0,0,3,1110
Bangalore,1,52,5,21,0,68,0,0,0,0,3,441
Coimbatore,2,18,11,21,10,249,0,0,0,0,3,933
Bangalore,1,75,5,12,14,186,0,0,0,0,3,879
Madurai,2,77,5,15,4,415,0,0,0,0,3,1554
Chennai,1,62,10,18,5,56,0,0,0,0,3,456
Bangalore,1,32,9,10,13,484,0,0,0,0,3,1647
Karur,3,80,5,6,3,439,0,0,0,0,3,1608
Salem,2,66,8,12,16,228,0,0,0,0,3,996
Madurai,2,56,6,8,4,329,0,0,0,0,3,1215
Delhi,1,50,7,17,6,400,0,0,0,0,3,1443
Salem,2,41,9,20,6,228,0,0,0,0,3,918
Coimbatore,2,74,5,10,13,388,0,0,0,0,3,1476
Madurai,2,71,8,21,14,131,0,0,0,0,3,741
Coimbatore,2,46,13,18,0,277,0,0,0,0,3,1068
Delhi,1,72,7,20,18,132,0,0,0,0,3,750
Karur,3,20,13,19,9,364,0,0,0,0,3,1284
Namakkal,3,41,6,18,16,180,0,0,0,0,3,792
Chennimalai,3,41,5,9,1,364,0,0,0,0,3,1269
Madurai,2,52,8,8,7,152,0,0,0,0,3,687
Chennai,1,41,12,17,7,93,0,0,0,0,3,513
Delhi,1,69,5,10,0,122,0,0,0,0,3,621
Delhi,1,25,7,14,2,68,0,0,0,0,3,351
Madurai,2,68,10,12,1,307,0,0,0,0,3,1200
Mumbai,1,27,6,7,1,453,0,0,0,0,3,1485
Coimbatore,2,65,10,12,7,300,0,0,0,0,3,1188
Mumbai,1,62,10,13,3,377,0,0,0,0,3,1398
Bangalore,1,70,5,10,10,219,0,0,0,0,3,945
Karur,3,28,5,5,1,129,0,0,0,0,3,513
Coimbatore,2,22,5,13,4,166,0,0,0,0,3,636
Coimbatore,2,73,9,16,5,460,0,0,0,0,3,1695
Salem,2,18,8,17,17,432,0,0,0,0,3,1482
Karur,3,57,8,16,3,473,0,0,0,0,3,1680
Bangalore,1,51,6,14,10,179,0,0,0,0,3,783
Coimbatore,2,61,7,20,17,222,0,0,0,0,3,987
Namakkal,3,34,8,21,8,309,0,0,0,0,3,1149
Salem,2,24,9,17,14,269,0,0,0,0,3,1005
Madurai,2,51,5,19,16,78,0,0,0,0,3,513
Mumbai,1,49,5,10,11,237,0,0,0,0,3,939
Coimbatore,2,63,7,16,4,160,0,0,0,0,3,756
Coimbatore,2,80,5,10,13,457,0,0,0,0,3,1701
Chennai,1,46,12,16,0,463,0,0,0,0,3,1614
Salem,2,80,5,9,7,58,0,0,0,0,3,483
Salem,2,78,5,11,16,451,0,0,0,0,3,1689
Karur,3,55,7,7,9,293,0,0,0,0,3,1122
Salem,2,41,7,19,18,284,0,0,0,0,3,1113
Salem,2,24,5,12,14,70,0,0,0,0,3,381
Madurai,2,54,6,21,10,363,0,0,0,0,3,1368
Karur,3,25,12,17,10,465,0,0,0,0,3,1596
Namakkal,3,40,6,21,0,229,0,0,0,0,3,897
Bangalore,1,55,6,14,3,149,0,0,0,0,3,684
Mumbai,1,31,9,10,16,391,0,0,0,0,3,1374
Chennai,1,77,5,14,10,440,0,0,0,0,3,1641
Coimbatore,2,63,6,15,7,497,0,0,0,0,3,1770
Delhi,1,75,5,9,17,373,0,0,0,0,3,1440
Bangalore,1,61,7,18,10,172,0,0,0,0,3,807
Salem,2,19,11,18,12,104,0,0,0,0,3,498
Delhi,1,41,7,14,1,174,0,0,0,0,3,714
Chennimalai,3,59,7,15,4,232,0,0,0,0,3,960
Coimbatore,2,78,5,8,8,446,0,0,0,0,3,1641
Namakkal,3,69,6,11,16,127,0,0,0,0,3,696
Mumbai,1,77,5,14,2,344,0,0,0,0,3,1329
Namakkal,3,32,6,7,8,285,0,0,0,0,3,1023
Namakkal,3,68,10,16,11,303,0,0,0,0,3,1233
Karur,3,19,7,12,6,202,0,0,0,0,3,747
Delhi,1,38,12,12,8,477,0,0,0,0,3,1644
Chennai,1,40,14,16,10,235,0,0,0,0,3,948
Karur,3,28,13,13,7,380,0,0,0,0,3,1332
Mumbai,1,47,12,20,11,461,0,0,0,0,3,1656
Namakkal,3,62,6,15,4,134,0,0,0,0,3,672
Bangalore,1,78,5,7,5,114,0,0,0,0,3,630
Chennai,1,58,6,7,18,457,0,0,0,0,3,1641
Chennai,1,35,8,17,10,266,0,0,0,0,3,1011
Namakkal,3,45,8,10,9,220,0,0,0,0,3,885
Chennai,1,64,6,16,5,291,0,0,0,0,3,1149
Delhi,1,73,7,20,17,221,0,0,0,0,3,1017
Karur,3,39,7,11,14,193,0,0,0,0,3,801
Bangalore,1,33,13,21,1,241,0,0,0,0,3,930
Chennimalai,3,80,5,8,15,348,0,0,0,0,3,1377
Chennimalai,3,22,10,17,7,238,0,0,0,0,3,891
Mumbai,1,26,8,19,23,610,0,0,0,1,4,2752
Delhi,1,56,7,22,7,941,0,0,0,1,4,4140
Bangalore,1,50,8,19,20,685,0,0,0,0,4,3132
Chennai,1,43,6,7,5,621,0,0,0,1,4,2736
Bangalore,1,60,7,14,21,937,0,0,0,0,4,4160
Karur,3,35,11,22,11,816,0,0,0,0,4,3592
Bangalore,1,69,6,9,9,712,0,0,0,0,4,3224
Madurai,2,62,7,22,18,780,0,0,0,0,4,3564
Coimbatore,2,52,13,23,12,650,0,0,0,0,4,3008
Chennimalai,3,27,7,16,12,562,0,0,0,1,4,2512
Salem,2,18,6,18,14,249,0,0,0,1,4,1232
Coimbatore,2,63,12,18,13,600,0,0,0,0,4,2832
Salem,2,22,18,22,6,733,0,0,0,1,4,3216
Karur,3,58,10,17,8,610,0,0,0,1,4,2828
Chennai,1,66,13,16,21,718,0,0,0,0,4,3340
Coimbatore,2,31,15,23,28,752,0,0,0,1,4,3408
Karur,3,45,17,24,3,341,0,0,0,0,4,1732
Namakkal,3,28,10,10,4,515,0,0,0,0,4,2280
Coimbatore,2,61,7,25,20,358,0,0,0,0,4,1892
Chennimalai,3,42,14,21,9,439,0,0,0,0,4,2112
Karur,3,26,17,21,3,656,0,0,0,0,4,2904
Namakkal,3,62,8,12,3,940,0,0,0,1,4,4116
Bangalore,1,47,6,12,26,741,0,0,0,1,4,3336
Delhi,1,57,11,25,17,497,0,0,0,0,4,2432
Namakkal,3,46,6,8,14,287,0,0,0,1,4,1460
Karur,3,35,16,19,3,307,0,0,0,0,4,1532
Madurai,2,28,14,21,17,607,0,0,0,0,4,2756
Delhi,1,33,12,24,3,579,0,0,0,0,4,2608
Mumbai,1,60,7,11,3,695,0,0,0,0,4,3108
Chennimalai,3,45,7,25,18,685,0,0,0,0,4,3132
Bangalore,1,73,7,14,4,356,0,0,0,1,4,1824
Bangalore,1,42,10,18,2,231,0,0,0,0,4,1216
Delhi,1,27,11,11,26,395,0,0,0,1,4,1888
Karur,3,67,8,23,19,648,0,0,0,0,4,3072
Chennai,1,61,11,20,19,610,0,0,0,1,4,2892
Salem,2,44,13,20,26,378,0,0,0,1,4,1936
Namakkal,3,36,16,16,29,838,0,0,0,1,4,3756
Chennimalai,3,30,16,16,27,630,0,0,0,0,4,2888
Chennimalai,3,45,12,21,26,884,0,0,0,1,4,3968
Coimbatore,2,31,6,19,29,266,0,0,0,0,4,1412
Bangalore,1,44,13,21,28,303,0,0,0,1,4,1644
Coimbatore,2,29,15,19,29,930,0,0,0,1,4,4100
Bangalore,1,71,9,24,30,239,0,0,0,0,4,1496
Mumbai,1,73,9,20,30,500,0,0,0,0,4,2532
Mumbai,1,37,8,20,5,905,0,0,0,1,4,3908
Bangalore,1,54,13,22,21,516,0,0,0,0,4,2508
Mumbai,1,74,7,14,27,285,0,0,0,0,4,1632
Chennimalai,3,56,13,24,14,531,0,0,0,0,4,2564
Coimbatore,2,64,10,18,3,816,0,0,0,1,4,3656
Namakkal,3,46,10,15,25,811,0,0,0,1,4,3644
Delhi,1,71,12,15,16,338,0,0,0,0,4,1812
Bangalore,1,22,14,22,21,667,0,0,0,0,4,2988
Coimbatore,2,38,13,21,25,453,0,0,0,1,4,2212
Coimbatore,2,56,7,19,10,831,0,0,0,1,4,3704
Mumbai,1,56,9,16,25,336,0,0,0,1,4,1776
Chennimalai,3,65,8,24,5,663,0,0,0,1,4,3076
Coimbatore,2,28,12,14,6,269,0,0,0,0,4,1324
Coimbatore,2,67,6,9,3,1001,0,0,0,0,4,4352
Salem,2,66,10,18,23,362,0,0,0,1,4,1928
Karur,3,35,11,15,30,778,0,0,0,0,4,3488
Karur,3,34,15,24,18,500,0,0,0,0,4,2376
Salem,2,49,8,22,2,633,0,0,0,0,4,2864
Chennai,1,18,17,18,27,364,0,0,0,0,4,1780
Mumbai,1,34,7,23,4,900,0,0,0,0,4,3876
Namakkal,3,38,9,11,30,489,0,0,0,0,4,2320
Chennai,1,71,9,13,6,422,0,0,0,1,4,2092
Salem,2,74,6,14,26,529,0,0,0,0,4,2604
Madurai,2,54,7,8,23,670,0,0,0,1,4,3060
Chennai,1,22,9,9,17,888,0,0,0,0,4,3784
Madurai,2,73,8,9,30,831,0,0,0,1,4,3816
Chennimalai,3,20,16,18,17,578,0,0,0,1,4,2612
Madurai,2,19,14,25,8,747,0,0,0,0,4,3260
Karur,3,37,18,25,25,649,0,0,0,1,4,3032
Chennimalai,3,55,13,21,16,507,0,0,0,0,4,2460
Madurai,2,60,9,20,14,356,0,0,0,0,4,1844
Madurai,2,68,7,19,12,883,0,0,0,0,4,3964
Karur,3,73,10,14,11,495,0,0,0,0,4,2424
Namakkal,3,60,9,20,14,249,0,0,0,0,4,1420
Delhi,1,32,17,23,18,913,0,0,0,0,4,4016
Bangalore,1,27,11,16,10,550,0,0,0,0,4,2460
Mumbai,1,63,9,18,5,524,0,0,0,0,4,2480
Mumbai,1,74,7,23,3,752,0,0,0,0,4,3440
Salem,2,50,8,17,21,767,0,0,0,0,4,3460
Chennai,1,41,14,23,13,584,0,0,0,0,4,2704
Delhi,1,27,13,21,5,572,0,0,0,1,4,2560
Coimbatore,2,39,17,17,14,690,0,0,0,1,4,3120
Salem,2,55,6,19,19,905,0,0,0,0,4,4024
Salem,2,60,8,12,14,1006,0,0,0,1,4,4412
Salem,2,45,7,21,3,323,0,0,0,1,4,1608
Chennai,1,30,6,19,18,702,0,0,0,0,4,3104
Bangalore,1,56,9,18,16,721,0,0,0,1,4,3288
Bangalore,1,70,9,20,21,405,0,0,0,0,4,2104
Chennai,1,66,11,24,22,602,0,0,0,0,4,2904
Delhi,1,45,7,21,16,695,0,0,0,0,4,3140
Mumbai,1,22,9,20,17,484,0,0,0,0,4,2212
Salem,2,72,10,24,10,963,0,0,0,0,4,4324
Chennimalai,3,48,7,10,28,468,0,0,0,1,4,2260
Chennimalai,3,43,16,19,2,446,0,0,0,1,4,2120
Mumbai,1,41,9,12,10,702,0,0,0,1,4,3104
Chennai,1,74,6,7,2,687,0,0,0,0,4,3108
Chennimalai,3,48,18,24,17,329,0,0,0,1,4,1760
Namakkal,3,26,16,23,9,552,0,0,0,0,4,2516
Salem,2,36,14,14,15,524,0,0,0,1,4,2424
Bangalore,1,39,15,16,3,837,0,0,0,1,4,3648
Mumbai,1,41,6,18,14,289,0,0,0,0,4,1476
Bangalore,1,35,12,22,20,889,0,0,0,1,4,3920
Coimbatore,2,24,12,19,24,870,0,0,0,1,4,3808
Namakkal,3,34,17,23,30,943,0,0,0,1,4,4204
Bangalore,1,64,10,18,13,884,0,0,0,1,4,3964
Salem,2,67,9,18,4,793,0,0,0,0,4,3572
Chennai,1,50,9,13,10,461,0,0,0,1,4,2180
Namakkal,3,66,13,15,4,349,0,0,0,1,4,1804
Chennai,1,48,11,13,16,338,0,0,0,1,4,1712
Madurai,2,21,8,19,26,248,0,0,0,1,4,1300
Delhi,1,23,9,14,20,552,0,0,0,1,4,2480
Delhi,1,20,18,24,18,475,0,0,0,0,4,2224
Delhi,1,32,11,17,25,1018,0,0,0,0,4,4416
Madurai,2,30,18,19,13,700,0,0,0,1,4,3132
Madurai,2,59,12,20,19,384,0,0,0,0,4,1984
Mumbai,1,64,7,17,30,385,0,0,0,1,4,2020
Namakkal,3,42,6,11,28,694,0,0,0,0,4,3136
Namakkal,3,56,10,25,2,406,0,0,0,0,4,2008
Mumbai,1,64,8,17,2,931,0,0,0,1,4,4096
Bangalore,1,36,6,7,18,534,0,0,0,0,4,2408
Coimbatore,2,48,14,16,15,323,0,0,0,1,4,1676
Chennimalai,3,74,6,12,27,830,0,0,0,1,4,3812
Salem,2,59,8,20,16,716,0,0,0,1,4,3288
Mumbai,1,23,14,20,27,838,0,0,0,1,4,3696
Delhi,1,50,6,8,19,568,0,0,0,1,4,2612
Coimbatore,2,23,13,18,9,329,0,0,0,1,4,1580
Madurai,2,41,7,13,12,661,0,0,0,0,4,2944
Madurai,2,53,12,13,28,927,0,0,0,1,4,4144
Salem,2,62,9,24,18,472,0,0,0,1,4,2352
Namakkal,3,52,12,20,2,253,0,0,0,0,4,1368
Chennai,1,53,9,24,9,778,0,0,0,1,4,3500
Karur,3,74,6,13,14,664,0,0,0,0,4,3096
Karur,3,23,10,24,24,776,0,0,0,0,4,3440
Madurai,2,42,11,13,27,945,0,0,0,1,4,4164
Salem,2,28,7,18,8,1024,0,0,0,1,4,4352
Mumbai,1,58,11,19,24,829,0,0,0,1,4,3772
Madurai,2,69,8,10,16,730,0,0,0,1,4,3344
Salem,2,61,6,12,28,719,0,0,0,1,4,3316
Bangalore,1,18,17,17,23,749,0,0,0,0,4,3300
Delhi,1,18,17,20,22,792,0,0,0,1,4,3484
Madurai,2,20,12,23,23,512,0,0,0,1,4,2372
Chennai,1,64,8,17,29,1022,0,0,0,0,4,4564
Madurai,2,52,10,12,6,328,0,0,0,0,4,1640
Namakkal,3,29,18,18,19,842,0,0,0,0,4,3716
Delhi,1,61,13,19,6,831,0,0,0,0,4,3724
Delhi,1,69,10,11,9,950,0,0,0,0,4,4200
Chennimalai,3,44,18,23,9,417,0,0,0,0,4,2056
Chennai,1,25,7,16,16,585,0,0,0,1,4,2604
Mumbai,1,48,14,14,29,763,0,0,0,0,4,3476
Salem,2,23,9,19,21,431,0,0,0,0,4,2020
Namakkal,3,43,18,18,25,616,0,0,0,1,4,2896
Mumbai,1,54,12,24,6,483,0,0,0,1,4,2324
Chennimalai,3,33,17,17,14,478,0,0,0,1,4,2252
Chennai,1,60,6,9,26,554,0,0,0,1,4,2628
Bangalore,1,46,10,10,30,358,0,0,0,1,4,1824
Madurai,2,61,8,11,7,650,0,0,0,1,4,2960
Chennai,1,57,9,23,30,366,0,0,0,1,4,1948
Namakkal,3,38,7,23,15,729,0,0,0,1,4,3264
Bangalore,1,54,8,12,22,248,0,0,0,1,4,1384
Bangalore,1,28,6,14,3,549,0,0,0,0,4,2404
Delhi,1,22,16,18,17,590,0,0,0,1,4,2660
Madurai,2,24,17,23,24,598,0,0,0,0,4,2752
Chennimalai,3,21,11,17,28,965,0,0,0,1,4,4184
Karur,3,62,8,12,19,410,0,0,0,0,4,2056
Delhi,1,22,14,23,23,992,0,0,0,1,4,4304
Chennai,1,53,7,23,14,752,0,0,0,0,4,3400
Chennai,1,26,15,24,30,286,0,0,0,0,4,1528
Madurai,2,43,18,25,20,724,0,0,0,1,4,3332
Namakkal,3,59,9,11,8,273,0,0,0,0,4,1452
Chennimalai,3,34,6,11,17,886,0,0,0,0,4,3828
Chennimalai,3,33,9,10,17,910,0,0,0,1,4,3932
Chennimalai,3,54,11,24,22,707,0,0,0,0,4,3284
Mumbai,1,37,11,20,28,368,0,0,0,0,4,1860
Salem,2,36,16,18,12,347,0,0,0,0,4,1724
Bangalore,1,72,11,19,10,773,0,0,0,0,4,3544
Bangalore,1,74,6,18,18,391,0,0,0,0,4,2032
Chennai,1,45,11,18,14,459,0,0,0,0,4,2192
Bangalore,1,36,18,25,13,986,0,0,0,0,4,4316
Bangalore,1,32,17,19,14,399,0,0,0,1,4,1932
Chennai,1,73,10,23,24,838,0,0,0,1,4,3880
Karur,3,44,13,23,21,671,0,0,0,0,4,3100
Mumbai,1,68,12,13,20,557,0,0,0,1,4,2688
Coimbatore,2,30,6,16,22,712,0,0,0,1,4,3156
Coimbatore,2,42,15,24,13,306,0,0,0,1,4,1612
Madurai,2,62,13,14,29,523,0,0,0,0,4,2572
Bangalore,1,20,16,22,13,346,0,0,0,0,4,1672
Chennimalai,3,21,17,22,9,881,0,0,0,1,4,3816
Chennimalai,3,70,8,25,28,637,0,0,0,1,4,3088
Salem,2,52,9,12,16,915,0,0,0,0,4,4024
Chennai,1,27,11,17,28,717,0,0,0,0,4,3204
Mumbai,1,49,7,12,15,827,0,0,0,1,4,3648
Madurai,2,71,9,17,29,292,0,0,0,0,4,1680
Namakkal,3,29,16,18,14,254,0,0,0,0,4,1336
Chennai,1,70,7,8,10,693,0,0,0,1,4,3160
Delhi,1,53,11,12,21,472,0,0,0,0,4,2280
Chennai,1,27,18,18,5,666,0,0,0,0,4,2940
Salem,2,38,17,24,20,808,0,0,0,1,4,3640
Salem,2,18,14,18,28,631,0,0,0,1,4,2848
Chennimalai,3,18,7,18,22,805,0,0,0,0,4,3492
Chennimalai,3,51,13,22,18,746,0,0,0,0,4,3412
Delhi,1,45,7,25,10,339,0,0,0,1,4,1712
Mumbai,1,25,12,14,15,790,0,0,0,0,4,3428
Chennai,1,40,18,24,28,317,0,0,0,0,4,1712
Madurai,2,65,7,15,20,800,0,0,0,0,4,3636
Delhi,1,55,10,22,12,509,0,0,0,0,4,2436
Bangalore,1,45,12,12,25,661,0,0,0,1,4,3028
Mumbai,1,30,6,19,25,786,0,0,0,0,4,3468
Salem,2,69,6,14,14,734,0,0,0,0,4,3356
Karur,3,49,15,15,11,951,0,0,0,0,4,4176
Salem,2,64,13,24,28,705,0,0,0,1,4,3348
Chennai,1,62,9,12,14,571,0,0,0,0,4,2676
Namakkal,3,48,17,25,22,846,0,0,0,1,4,3848
Namakkal,3,57,10,12,26,855,0,0,0,0,4,3852
Karur,3,69,11,17,19,308,0,0,0,0,4,1708
Karur,3,23,7,22,28,289,0,0,0,0,4,1488
Salem,2,73,7,19,24,571,0,0,0,1,4,2788
Delhi,1,27,6,7,16,449,0,0,0,1,4,2028
Karur,3,54,8,25,9,897,0,0,0,1,4,3988
Salem,2,74,7,23,26,614,0,0,0,0,4,2984
Chennai,1,46,11,11,6,266,0,0,0,1,4,1368
Namakkal,3,46,14,17,25,682,0,0,0,0,4,3148
Chennai,1,22,13,22,14,917,0,0,0,0,4,3956
Karur,3,20,18,24,3,334,0,0,0,0,4,1608
Namakkal,3,20,12,14,25,242,0,0,0,0,4,1264
Chennimalai,3,62,13,22,4,332,0,0,0,0,4,1744
Chennai,1,42,15,19,14,739,0,0,0,0,4,3320
Bangalore,1,37,7,19,3,361,0,0,0,0,4,1712
Chennimalai,3,52,7,25,21,775,0,0,0,1,4,3536
Karur,3,74,6,22,19,258,0,0,0,1,4,1532
Karur,3,52,8,13,19,462,0,0,0,0,4,2228
Salem,2,57,10,21,6,706,0,0,0,1,4,3212
Namakkal,3,26,18,25,12,384,0,0,0,1,4,1876
Namakkal,3,41,11,19,20,957,0,0,0,1,4,4208
Karur,3,49,6,6,27,482,0,0,0,0,4,2292
Madurai,2,61,13,22,2,352,0,0,0,1,4,1812
Salem,2,54,8,21,12,513,0,0,0,0,4,2440
Salem,2,38,14,17,17,682,0,0,0,1,4,3084
Madurai,2,26,18,21,6,553,0,0,0,1,4,2508
Chennimalai,3,57,11,13,4,710,0,0,0,0,4,3192
Namakkal,3,64,6,19,17,923,0,0,0,1,4,4132
Coimbatore,2,73,9,12,26,746,0,0,0,0,4,3472
Chennai,1,52,11,15,27,903,0,0,0,0,4,4036
Namakkal,3,50,6,20,13,593,0,0,0,1,4,2744
Chennimalai,3,22,13,22,4,833,0,0,0,1,4,3592
Delhi,1,31,14,20,13,635,0,0,0,1,4,2860
Karur,3,19,15,25,14,780,0,0,0,1,4,3428
Coimbatore,2,34,18,22,20,308,0,0,0,0,4,1616
Chennimalai,3,71,11,21,10,435,0,0,0,0,4,2204
Salem,2,63,6,19,11,752,0,0,0,1,4,3416
Salem,2,39,6,19,8,748,0,0,0,1,4,3292
Delhi,1,18,17,23,27,665,0,0,0,0,4,3004
Coimbatore,2,59,9,15,25,307,0,0,0,0,4,1668
Bangalore,1,73,7,11,3,287,0,0,0,1,4,1532
Coimbatore,2,44,18,18,3,717,0,0,0,0,4,3208
Karur,3,48,15,21,29,258,0,0,0,1,4,1500
Bangalore,1,27,6,14,12,668,0,0,0,1,4,2916
Salem,2,44,13,16,24,424,0,0,0,1,4,2096
Karur,3,25,15,21,5,579,0,0,0,0,4,2592
Chennai,1,43,18,23,24,799,0,0,0,0,4,3632
Karur,3,42,10,11,24,251,0,0,0,0,4,1364
Delhi,1,74,6,21,24,900,0,0,0,0,4,4104
Chennai,1,32,6,10,8,371,0,0,0,1,4,1716
Bangalore,1,56,8,10,10,915,0,0,0,0,4,4000
Coimbatore,2,53,13,21,25,736,0,0,0,0,4,3400
Mumbai,1,62,12,21,4,695,0,0,0,1,4,3184
Karur,3,36,12,15,13,374,0,0,0,0,4,1812
Madurai,2,59,7,13,27,1019,0,0,0,1,4,4512
Chennai,1,66,8,16,30,475,0,0,0,1,4,2388
Namakkal,3,26,13,15,25,612,0,0,0,1,4,2780
Mumbai,1,20,13,21,27,294,0,0,0,1,4,1508
Chennai,1,60,10,14,7,879,0,0,0,1,4,3888
Delhi,1,38,9,20,15,992,0,0,0,0,4,4300
Bangalore,1,65,11,25,11,313,0,0,0,1,4,1708
Karur,3,52,7,11,20,523,0,0,0,0,4,2464
Delhi,1,18,11,25,13,247,0,0,0,0,4,1260
Salem,2,21,15,25,14,921,0,0,0,1,4,3996
Karur,3,65,12,18,28,912,0,0,0,1,4,4156
Delhi,1,64,7,15,28,1016,0,0,0,0,4,4524
Bangalore,1,29,17,19,16,610,0,0,0,1,4,2772
Madurai,2,39,10,17,3,481,0,0,0,0,4,2208
Namakkal,3,40,16,16,3,648,0,0,0,0,4,2904
Karur,3,19,15,18,20,400,0,0,0,0,4,1900
Karur,3,26,14,15,18,850,0,0,0,1,4,3708
Delhi,1,36,14,23,9,366,0,0,0,0,4,1796
Delhi,1,36,7,24,28,953,0,0,0,0,4,4196
Chennai,1,23,12,13,6,607,0,0,0,1,4,2652
Coimbatore,2,36,6,9,8,688,0,0,0,1,4,3000
Madurai,2,43,11,11,7,922,0,0,0,0,4,3984
Coimbatore,2,56,8,11,12,280,0,0,0,1,4,1480
Karur,3,46,15,22,7,252,0,0,0,0,4,1380
Delhi,1,37,6,19,10,431,0,0,0,1,4,2020
Delhi,1,23,10,16,2,928,0,0,0,0,4,3920
Madurai,2,28,7,11,10,726,0,0,0,1,4,3140
Coimbatore,2,66,10,16,6,945,0,0,0,0,4,4180
Madurai,2,28,15,23,6,585,0,0,0,1,4,2640
Karur,3,59,13,20,3,818,0,0,0,0,4,3664
Chennai,1,48,10,16,8,230,0,0,0,1,4,1256
Namakkal,3,28,15,18,16,602,0,0,0,0,4,2728
Namakkal,3,62,13,14,26,231,0,0,0,0,4,1396
Delhi,1,47,9,21,4,433,0,0,0,0,4,2060
Madurai,2,36,8,18,6,924,0,0,0,0,4,3976
Namakkal,3,59,7,11,9,489,0,0,0,0,4,2312
Chennimalai,3,58,13,23,23,295,0,0,0,1,4,1664
Madurai,2,61,13,24,30,839,0,0,0,0,4,3876
Coimbatore,2,74,6,11,22,290,0,0,0,0,4,1620
Delhi,1,44,9,23,24,823,0,0,0,1,4,3700
Mumbai,1,34,12,17,8,867,0,0,0,1,4,3760
Chennai,1,50,6,7,29,962,0,0,0,0,4,4220
Chennimalai,3,20,13,14,11,340,0,0,0,0,4,1604
Salem,2,26,17,19,7,882,0,0,0,0,4,3812
Karur,3,44,12,18,29,942,0,0,0,0,4,4192
Coimbatore,2,54,10,20,25,300,0,0,0,0,4,1644
Namakkal,3,63,11,22,4,287,0,0,0,1,4,1564
Coimbatore,2,54,7,23,29,676,0,0,0,1,4,3168
Bangalore,1,59,12,24,17,231,0,0,0,1,4,1380
Namakkal,3,68,13,19,7,905,0,0,0,1,4,4064
Namakkal,3,61,12,21,23,719,0,0,0,0,4,3356
Coimbatore,2,37,10,12,29,754,0,0,0,1,4,3380
Coimbatore,2,47,6,12,6,718,0,0,0,0,4,3164
Coimbatore,2,51,7,11,5,371,0,0,0,0,4,1788
Delhi,1,21,12,13,20,891,0,0,0,1,4,3836
Bangalore,1,47,17,20,11,304,0,0,0,0,4,1600
Chennimalai,3,25,18,22,21,320,0,0,0,0,4,1636
Mumbai,1,56,8,19,12,742,0,0,0,0,4,3352
Chennimalai,3,31,7,14,17,758,0,0,0,0,4,3320
Karur,3,56,13,16,18,945,0,0,0,0,4,4204
Coimbatore,2,37,7,21,15,359,0,0,0,0,4,1764
Mumbai,1,34,18,18,11,434,0,0,0,0,4,2064
Coimbatore,2,58,7,16,7,1021,0,0,0,0,4,4444
Mumbai,1,22,8,10,17,553,0,0,0,1,4,2448
Karur,3,46,18,19,21,975,0,0,0,1,4,4332
Coimbatore,2,67,11,18,26,548,0,0,0,0,4,2688
Coimbatore,2,68,13,17,25,850,0,0,0,1,4,3904
Coimbatore,2,39,17,19,9,408,0,0,0,0,4,1976
Chennai,1,42,15,20,30,403,0,0,0,0,4,2044
Bangalore,1,33,8,23,14,237,0,0,0,0,4,1264
Bangalore,1,31,15,25,20,368,0,0,0,0,4,1840
Namakkal,3,70,11,23,2,461,0,0,0,0,4,2280
Chennimalai,3,60,6,6,12,413,0,0,0,0,4,2000
Bangalore,1,46,6,15,14,740,0,0,0,1,4,3292
Coimbatore,2,32,8,19,9,321,0,0,0,1,4,1568
Bangalore,1,21,8,8,24,913,0,0,0,1,4,3904
Chennimalai,3,52,11,12,16,951,0,0,0,1,4,4184
Coimbatore,2,68,6,23,24,366,0,0,0,1,4,1960
Salem,2,19,16,25,14,732,0,0,0,1,4,3236
Chennimalai,3,32,7,18,6,1011,0,0,0,0,4,4308
Madurai,2,56,10,21,15,782,0,0,0,1,4,3548
Coimbatore,2,18,8,19,21,472,0,0,0,0,4,2160
Bangalore,1,72,13,22,21,1022,0,0,0,1,4,4608
Salem,2,18,9,18,12,565,0,0,0,0,4,2496
Delhi,1,23,15,23,13,1009,0,0,0,0,4,4336
Namakkal,3,20,12,20,14,822,0,0,0,1,4,3568
Bangalore,1,63,8,20,27,635,0,0,0,0,4,3016
Namakkal,3,25,15,24,16,789,0,0,0,1,4,3492
Coimbatore,2,19,14,19,15,540,0,0,0,1,4,2440
Delhi,1,26,6,7,19,476,0,0,0,0,4,2140
Bangalore,1,50,7,19,27,448,0,0,0,0,4,2208
Delhi,1,18,13,24,15,247,0,0,0,0,4,1272
Mumbai,1,55,6,23,16,943,0,0,0,0,4,4176
Bangalore,1,69,10,12,3,598,0,0,0,1,4,2776
Mumbai,1,62,9,21,15,676,0,0,0,1,4,3140
Chennai,1,40,14,17,28,506,0,0,0,0,4,2424
Karur,3,36,7,10,12,493,0,0,0,1,4,2248
Chennimalai,3,28,11,18,5,700,0,0,0,1,4,3064
Coimbatore,2,34,8,8,23,424,0,0,0,1,4,2000
Coimbatore,2,43,8,21,12,923,0,0,0,1,4,4040
Bangalore,1,43,18,20,17,390,0,0,0,0,4,1956
Bangalore,1,23,11,20,11,701,0,0,0,1,4,3072
Chennimalai,3,18,13,22,14,951,0,0,0,1,4,4088
Chennai,1,28,11,19,24,468,0,0,0,0,4,2204
Chennimalai,3,39,16,22,13,676,0,0,0,0,4,3076
Mumbai,1,61,11,13,28,408,0,0,0,0,4,2088
Coimbatore,2,51,9,11,9,375,0,0,0,1,4,1832
Chennai,1,52,12,13,21,658,0,0,0,1,4,3032
Chennimalai,3,27,13,22,26,655,0,0,0,1,4,2988
Delhi,1,37,12,24,29,247,0,0,0,0,4,1400
Salem,2,62,10,14,16,508,0,0,0,1,4,2452
Chennai,1,18,14,16,26,802,0,0,0,1,4,3512
Salem,2,71,7,19,19,826,0,0,0,0,4,3776
Bangalore,1,49,12,15,8,831,0,0,0,0,4,3664
Chennai,1,68,7,9,28,894,0,0,0,0,4,4028
Bangalore,1,44,10,15,18,643,0,0,0,0,4,2924
Coimbatore,2,68,8,13,6,250,0,0,0,0,4,1388
Karur,3,42,14,25,22,238,0,0,0,0,4,1376
Karur,3,36,13,25,24,858,0,0,0,0,4,3836
Salem,2,54,8,9,5,535,0,0,0,1,4,2456
Bangalore,1,20,13,25,26,550,0,0,0,0,4,2540
Namakkal,3,61,11,16,10,260,0,0,0,0,4,1444
Coimbatore,2,61,7,17,6,437,0,0,0,0,4,2120
Coimbatore,2,42,15,16,29,661,0,0,0,1,4,3064
Chennimalai,3,29,15,16,21,600,0,0,0,1,4,2740
Salem,2,65,11,20,5,566,0,0,0,0,4,2676
Delhi,1,64,10,20,10,958,0,0,0,1,4,4256
Bangalore,1,27,9,14,8,364,0,0,0,0,4,1692
Chennai,1,73,10,12,17,997,0,0,0,1,4,4444
Coimbatore,2,39,14,14,20,779,0,0,0,1,4,3476
Chennimalai,3,37,16,18,16,578,0,0,0,1,4,2676
Coimbatore,2,50,7,25,22,239,0,0,0,0,4,1380
Mumbai,1,74,7,24,4,270,0,0,0,0,4,1520
Namakkal,3,59,12,22,15,508,0,0,0,0,4,2476
Madurai,2,53,13,14,23,439,0,0,0,0,4,2176
Salem,2,26,7,17,15,993,0,0,0,0,4,4240
Salem,2,47,6,7,4,1019,0,0,0,1,4,4344
Chennimalai,3,29,16,17,13,961,0,0,0,0,4,4156
Chennimalai,3,58,6,16,20,410,0,0,0,0,4,2052
Karur,3,20,17,19,22,1010,0,0,0,0,4,4364
Salem,2,71,12,23,4,578,0,0,0,1,4,2764
Madurai,2,62,11,24,2,240,0,0,0,1,4,1368
Coimbatore,2,67,11,24,2,304,0,0,0,1,4,1644
Coimbatore,2,59,8,16,8,746,0,0,0,0,4,3356
Coimbatore,2,30,13,22,16,353,0,0,0,0,4,1744
Karur,3,28,17,24,21,809,0,0,0,1,4,3612
Madurai,2,19,17,22,4,878,0,0,0,1,4,3772
Delhi,1,56,12,19,12,1013,0,0,0,1,4,4456
Karur,3,32,12,23,18,982,0,0,0,1,4,4284
Salem,2,23,13,21,17,569,0,0,0,1,4,2584
Coimbatore,2,20,11,21,7,523,0,0,0,0,4,2336
Bangalore,1,68,9,13,12,982,0,0,0,1,4,4344
Karur,3,60,7,13,29,885,0,0,0,0,4,3988
Coimbatore,2,21,13,23,25,526,0,0,0,1,4,2444
Madurai,2,52,8,24,27,646,0,0,0,1,4,3040
Madurai,2,40,12,23,11,257,0,0,0,0,4,1380
Coimbatore,2,39,8,12,17,999,0,0,0,1,4,4312
Namakkal,3,69,9,16,10,771,0,0,0,1,4,3516
Namakkal,3,19,8,18,13,515,0,0,0,1,4,2308
Bangalore,1,36,11,13,13,505,0,0,0,1,4,2320
Mumbai,1,34,9,19,25,543,0,0,0,0,4,2524
Namakkal,3,39,18,23,30,622,0,0,0,1,4,2944
Delhi,1,41,15,18,23,523,0,0,0,1,4,2488
Namakkal,3,58,12,23,10,587,0,0,0,1,4,2776
Salem,2,68,13,16,9,331,0,0,0,0,4,1756
Namakkal,3,47,17,17,13,306,0,0,0,1,4,1616
Madurai,2,65,7,10,9,550,0,0,0,0,4,2572
Delhi,1,28,12,19,24,361,0,0,0,0,4,1780
Coimbatore,2,30,12,24,26,825,0,0,0,1,4,3680
Delhi,1,45,9,10,20,703,0,0,0,0,4,3152
Namakkal,3,63,12,13,10,665,0,0,0,0,4,3064
Chennai,1,65,6,24,14,313,0,0,0,0,4,1692
Namakkal,3,43,8,22,9,864,0,0,0,0,4,3796
Delhi,1,47,17,23,7,645,0,0,0,0,4,2960
Delhi,1,51,8,23,30,960,0,0,0,0,4,4292
Bangalore,1,72,10,24,7,390,0,0,0,0,4,2016
Salem,2,32,16,24,13,309,0,0,0,1,4,1588
Delhi,1,50,9,12,8,716,0,0,0,1,4,3188
Mumbai,1,25,13,22,26,890,0,0,0,1,4,3912
Salem,2,67,11,20,9,370,0,0,0,1,4,1920
Madurai,2,63,13,23,17,237,0,0,0,0,4,1420
Karur,3,41,9,25,16,419,0,0,0,1,4,2056
Delhi,1,26,12,12,19,962,0,0,0,0,4,4128
Bangalore,1,39,17,19,19,901,0,0,0,1,4,3988
Salem,2,64,6,19,9,270,0,0,0,0,4,1480
Coimbatore,2,53,9,20,28,280,0,0,0,1,4,1572
Namakkal,3,38,10,13,30,346,0,0,0,1,4,1764
Coimbatore,2,22,12,16,18,650,0,0,0,1,4,2884
Delhi,1,43,13,16,30,378,0,0,0,0,4,1924
Chennai,1,61,8,8,7,255,0,0,0,0,4,1360
Madurai,2,19,17,25,16,908,0,0,0,0,4,3948
Karur,3,24,17,22,20,238,0,0,0,1,4,1300
Coimbatore,2,52,11,19,21,757,0,0,0,1,4,3452
Coimbatore,2,27,11,20,16,430,0,0,0,1,4,2028
Madurai,2,71,6,8,3,778,0,0,0,0,4,3472
Karur,3,53,12,15,25,513,0,0,0,1,4,2488
Chennai,1,31,12,15,6,993,0,0,0,1,4,4236
Chennai,1,44,9,10,18,752,0,0,0,1,4,3340
Delhi,1,50,9,17,15,834,0,0,0,0,4,3704
Namakkal,3,46,15,20,10,934,0,0,0,0,4,4112
Chennai,1,41,12,16,24,625,0,0,0,1,4,2880
Mumbai,1,37,15,24,18,268,0,0,0,1,4,1456
Karur,3,26,12,21,24,736,0,0,0,0,4,3288
Coimbatore,2,43,15,19,26,321,0,0,0,0,4,1704
Chennimalai,3,55,11,25,27,860,0,0,0,0,4,3924
Bangalore,1,42,11,17,11,819,0,0,0,1,4,3608
Chennai,1,64,12,12,14,536,0,0,0,0,4,2556
Karur,3,52,6,24,9,490,0,0,0,1,4,2340
Chennai,1,21,10,16,29,862,0,0,0,1,4,3760
Coimbatore,2,62,11,25,6,998,0,0,0,0,4,4416
Bangalore,1,28,9,17,20,653,0,0,0,1,4,2916
Coimbatore,2,50,9,23,4,433,0,0,0,1,4,2088
Karur,3,45,11,14,7,272,0,0,0,1,4,1412
Mumbai,1,65,11,25,11,395,0,0,0,1,4,2036
Namakkal,3,68,8,25,21,364,0,0,0,1,4,1960
Chennai,1,31,11,19,4,937,0,0,0,1,4,4016
Madurai,2,54,8,19,5,1004,0,0,0,0,4,4368
Coimbatore,2,35,11,20,17,637,0,0,0,0,4,2888
Salem,2,28,8,22,5,748,0,0,0,0,4,3252
Chennimalai,3,34,13,14,7,323,0,0,0,0,4,1576
Madurai,2,37,7,11,27,626,0,0,0,0,4,2840
Coimbatore,2,22,12,23,27,853,0,0,0,0,4,3756
Madurai,2,66,12,20,2,721,0,0,0,0,4,3292
Karur,3,23,6,10,19,256,0,0,0,0,4,1268
Bangalore,1,60,9,10,29,324,0,0,0,1,4,1736
Namakkal,3,21,17,22,9,281,0,0,0,0,4,1412
Mumbai,1,38,6,10,10,488,0,0,0,0,4,2212
Bangalore,1,65,10,12,8,341,0,0,0,0,4,1748
Karur,3,42,18,23,12,877,0,0,0,0,4,3900
Madurai,2,66,12,13,23,662,0,0,0,1,4,3116
Chennimalai,3,25,14,20,17,633,0,0,0,0,4,2848
Mumbai,1,56,7,24,2,1004,0,0,0,1,4,4380
Chennai,1,74,6,25,8,538,0,0,0,1,4,2612
Delhi,1,21,9,19,4,922,0,0,0,1,4,3908
Delhi,1,24,6,19,23,805,0,0,0,0,4,3512
Salem,2,44,8,21,19,400,0,0,0,1,4,1980
Karur,3,44,16,19,14,885,0,0,0,0,4,3924
Karur,3,18,18,18,25,640,0,0,0,1,4,2892
Chennimalai,3,29,8,21,24,670,0,0,0,0,4,3020
Coimbatore,2,33,7,7,7,336,0,0,0,1,4,1572
Delhi,1,63,11,25,22,886,0,0,0,0,4,4032
Chennai,1,34,9,19,9,991,0,0,0,0,4,4252
Delhi,1,27,15,17,13,365,0,0,0,1,4,1756
Delhi,1,59,13,22,6,244,0,0,0,1,4,1384
Chennai,1,33,17,18,16,825,0,0,0,1,4,3644
Namakkal,3,38,14,16,30,793,0,0,0,0,4,3576
Bangalore,1,62,6,13,21,641,0,0,0,1,4,2980
Chennai,1,24,13,23,30,243,0,0,0,1,4,1340
Mumbai,1,23,12,22,22,338,0,0,0,1,4,1676
Chennai,1,62,11,17,14,953,0,0,0,1,4,4236
Salem,2,59,9,10,10,828,0,0,0,0,4,3672
Delhi,1,68,13,15,23,361,0,0,0,1,4,1928
Karur,3,23,12,25,30,975,0,0,0,0,4,4272
Coimbatore,2,37,15,20,26,612,0,0,0,0,4,2848
Chennai,1,39,8,15,21,545,0,0,0,0,4,2516
Chennai,1,24,14,19,24,981,0,0,0,1,4,4256
Coimbatore,2,43,13,20,3,920,0,0,0,1,4,4008
Coimbatore,2,48,15,15,11,514,0,0,0,0,4,2420
Madurai,2,62,7,22,22,449,0,0,0,1,4,2260
Chennai,1,27,11,12,6,1023,0,0,0,0,4,4320
Delhi,1,34,16,25,19,604,0,0,0,0,4,2796
Chennai,1,47,10,11,27,640,0,0,0,0,4,2944
Salem,2,27,12,19,22,770,0,0,0,1,4,3412
Madurai,2,29,14,21,29,267,0,0,0,1,4,1452
Bangalore,1,70,13,24,28,304,0,0,0,0,4,1760
Delhi,1,50,6,10,12,350,0,0,0,0,4,1716
Chennai,1,71,13,14,18,925,0,0,0,0,4,4168
Chennai,1,63,6,21,28,433,0,0,0,0,4,2208
Coimbatore,2,22,6,11,25,1007,0,0,0,1,4,4296
Delhi,1,32,8,16,28,287,0,0,0,0,4,1488
Mumbai,1,37,17,24,11,263,0,0,0,1,4,1416
Madurai,2,70,13,22,30,729,0,0,0,0,4,3464
Salem,2,18,12,17,2,456,0,0,0,1,4,2032
Salem,2,47,18,23,18,857,0,0,0,1,4,3864
Delhi,1,69,11,18,7,914,0,0,0,1,4,4084
Chennai,1,68,11,19,27,565,0,0,0,1,4,2768
Chennimalai,3,33,7,24,3,440,0,0,0,1,4,2044
Coimbatore,2,69,9,12,7,817,0,0,0,0,4,3664
Madurai,2,30,10,17,27,282,0,0,0,0,4,1472
Coimbatore,2,72,8,19,28,479,0,0,0,1,4,2436
Chennai,1,44,17,19,22,485,0,0,0,1,4,2356
Mumbai,1,54,7,13,12,288,0,0,0,0,4,1500
Namakkal,3,66,10,14,17,468,0,0,0,0,4,2312
Chennai,1,67,13,23,17,704,0,0,0,0,4,3300
Bangalore,1,26,9,22,9,648,0,0,0,0,4,2860
Salem,2,57,11,18,19,695,0,0,0,1,4,3212
Madurai,2,42,7,9,21,708,0,0,0,1,4,3160
Karur,3,24,11,14,11,430,0,0,0,1,4,1976
Madurai,2,32,10,18,20,381,0,0,0,1,4,1856
Karur,3,66,9,13,26,555,0,0,0,1,4,2692
Bangalore,1,27,10,25,25,1928,0,0,0,1,5,10085
Karur,3,32,13,18,17,741,0,0,1,0,5,4125
Mumbai,1,42,8,15,32,1824,0,0,0,0,5,9610
Mumbai,1,34,11,27,23,1079,0,0,0,1,5,5880
Chennai,1,25,11,17,31,715,0,0,1,1,5,4010
Chennai,1,54,7,16,30,1956,0,0,1,0,5,10325
Namakkal,3,55,13,13,26,929,0,0,0,1,5,5200
Salem,2,39,18,22,36,1017,0,0,0,1,5,5675
Delhi,1,20,12,21,35,1979,0,0,0,1,5,10345
Salem,2,27,10,27,6,809,0,0,1,0,5,4410
Chennai,1,41,19,24,21,1524,0,0,0,1,5,8155
Mumbai,1,39,7,20,21,1391,0,0,0,1,5,7400
Chennai,1,29,13,26,11,1343,0,0,1,0,5,7120
Namakkal,3,37,10,19,36,656,0,0,1,0,5,3810
Chennai,1,56,9,23,9,1627,0,0,1,1,5,8635
Bangalore,1,45,17,23,31,1149,0,0,0,0,5,6330
Chennai,1,24,14,21,38,956,0,0,1,0,5,5275
Karur,3,55,8,16,32,705,0,0,0,1,5,4100
Chennimalai,3,42,13,19,8,1772,0,0,1,1,5,9295
Delhi,1,18,12,23,20,1762,0,0,0,1,5,9185
Chennai,1,23,20,25,20,1706,0,0,0,0,5,8975
Delhi,1,55,10,26,24,590,0,0,0,1,5,3535
Bangalore,1,52,15,22,21,1313,0,0,0,1,5,7125
Delhi,1,52,9,23,21,1475,0,0,1,1,5,7915
Chennai,1,36,17,24,36,1959,0,0,0,1,5,10370
Bangalore,1,38,7,15,7,1121,0,0,1,1,5,5955
Salem,2,39,16,20,37,861,0,0,0,1,5,4880
Madurai,2,36,13,15,5,592,0,0,0,1,5,3320
Bangalore,1,23,18,25,14,1426,0,0,1,1,5,7545
Namakkal,3,25,14,19,12,687,0,0,0,0,5,3800
Chennai,1,56,13,25,21,660,0,0,0,1,5,3885
Delhi,1,41,15,19,15,1144,0,0,0,0,5,6175
Delhi,1,18,19,24,28,1307,0,0,0,1,5,6990
Madurai,2,47,6,21,7,1307,0,0,0,0,5,6950
Bangalore,1,42,19,27,8,794,0,0,0,0,5,4455
Karur,3,28,9,22,9,1275,0,0,1,1,5,6740
Chennimalai,3,29,19,20,12,688,0,0,0,0,5,3855
Chennai,1,18,16,26,38,1917,0,0,0,0,5,10080
Chennai,1,30,15,20,39,1158,0,0,0,1,5,6320
Mumbai,1,40,8,19,36,1307,0,0,1,1,5,7065
Bangalore,1,39,15,20,10,1798,0,0,1,0,5,9420
Chennimalai,3,38,18,21,33,930,0,0,1,1,5,5225
Chennai,1,39,11,11,31,822,0,0,1,0,5,4580
Chennimalai,3,30,17,25,14,605,0,0,0,1,5,3475
Bangalore,1,35,8,15,13,1593,0,0,0,1,5,8330
Delhi,1,23,8,25,30,1402,0,0,1,0,5,7450
Delhi,1,20,17,27,29,1509,0,0,1,0,5,8020
Salem,2,35,11,20,38,708,0,0,1,0,5,4075
Mumbai,1,58,12,23,32,890,0,0,1,1,5,5090
Chennai,1,23,8,27,33,1332,0,0,1,0,5,7125
Namakkal,3,24,16,25,32,942,0,0,1,1,5,5220
Coimbatore,2,56,12,26,7,1953,0,0,1,1,5,10290
Madurai,2,25,8,21,26,926,0,0,1,1,5,5050
Chennai,1,51,8,13,40,1690,0,0,1,1,5,9025
Delhi,1,28,6,8,32,1186,0,0,1,0,5,6310
Salem,2,53,6,15,6,1413,0,0,1,0,5,7480
Chennai,1,27,7,8,26,1052,0,0,1,0,5,5610
Chennai,1,56,9,25,15,1854,0,0,0,0,5,9800
Mumbai,1,19,17,24,25,1895,0,0,1,0,5,9910
Karur,3,50,6,12,18,1890,0,0,1,1,5,9905
Chennai,1,50,12,19,18,1213,0,0,0,1,5,6570
Delhi,1,53,11,14,10,597,0,0,0,1,5,3435
Chennai,1,60,11,11,30,1013,0,0,0,0,5,5630
Bangalore,1,21,12,25,27,1836,0,0,0,0,5,9610
Madurai,2,23,18,24,8,948,0,0,1,1,5,5125
Delhi,1,36,20,24,32,1958,0,0,1,1,5,10365
Delhi,1,23,6,13,18,1083,0,0,0,0,5,5720
Namakkal,3,50,11,23,5,1312,0,0,0,0,5,7020
Chennimalai,3,20,10,19,23,739,0,0,0,0,5,4070
Mumbai,1,58,13,15,24,1539,0,0,1,0,5,8255
Delhi,1,18,7,13,11,804,0,0,1,0,5,4275
Salem,2,38,6,21,37,1771,0,0,0,1,5,9380
Salem,2,58,7,27,8,744,0,0,0,1,5,4235
Chennai,1,22,12,21,34,2048,0,0,1,1,5,10700
Chennai,1,54,14,21,38,1339,0,0,1,0,5,7340
Delhi,1,29,7,27,4,1083,0,0,0,1,5,5760
Namakkal,3,50,8,20,31,807,0,0,0,1,5,4600
Bangalore,1,24,8,11,37,1330,0,0,1,1,5,7065
Delhi,1,44,10,18,35,1162,0,0,0,0,5,6350
Namakkal,3,34,14,20,38,856,0,0,0,1,5,4830
Chennai,1,25,8,23,26,1317,0,0,1,0,5,7005
Bangalore,1,33,19,25,30,1718,0,0,1,1,5,9140
Mumbai,1,21,12,15,28,1886,0,0,0,1,5,9820
Chennai,1,34,7,13,35,1091,0,0,0,1,5,5910
Bangalore,1,43,13,27,17,1010,0,0,0,0,5,5555
Mumbai,1,29,19,19,13,748,0,0,1,1,5,4155
Bangalore,1,58,11,23,17,1276,0,0,0,1,5,6935
Salem,2,48,12,12,5,610,0,0,0,1,5,3450
Salem,2,47,16,26,21,998,0,0,1,1,5,5560
Delhi,1,30,9,26,24,1861,0,0,1,1,5,9765
Salem,2,21,6,17,5,1246,0,0,0,0,5,6485
Bangalore,1,50,10,25,18,1980,0,0,1,1,5,10430
Bangalore,1,37,16,19,27,1431,0,0,1,0,5,7660
Chennimalai,3,34,18,23,28,756,0,0,1,1,5,4320
Chennai,1,49,12,12,12,1201,0,0,0,0,5,6435
Chennai,1,27,11,27,27,1791,0,0,1,0,5,9425
Delhi,1,54,12,21,7,1788,0,0,0,0,5,9415
Chennai,1,23,11,11,25,1611,0,0,0,1,5,8415
Mumbai,1,57,7,15,26,1375,0,0,0,1,5,7410
Chennai,1,32,11,26,24,1174,0,0,0,1,5,6345
Karur,3,46,10,11,33,951,0,0,0,0,5,5270
Mumbai,1,60,12,16,26,1280,0,0,0,1,5,6980
Bangalore,1,54,8,26,15,1633,0,0,1,0,5,8690
Bangalore,1,43,19,23,29,1951,0,0,0,0,5,10330
Coimbatore,2,27,13,23,8,687,0,0,0,0,5,3800
Delhi,1,47,6,27,38,1039,0,0,0,1,5,5795
Delhi,1,26,12,21,36,1154,0,0,0,0,5,6250
Bangalore,1,34,16,16,10,1739,0,0,0,1,5,9085
Namakkal,3,52,8,8,9,1787,0,0,1,0,5,9340
Mumbai,1,33,13,26,33,1836,0,0,0,0,5,9710
Delhi,1,49,13,13,26,1930,0,0,0,1,5,10165
Mumbai,1,42,17,23,29,1611,0,0,0,0,5,8615
Coimbatore,2,29,14,24,28,882,0,0,1,1,5,4905
Mumbai,1,22,15,26,34,2030,0,0,1,0,5,10645
Delhi,1,53,14,17,18,1062,0,0,1,1,5,5835
Bangalore,1,28,8,24,36,1460,0,0,0,0,5,7785
Delhi,1,20,18,21,15,1135,0,0,0,1,5,6055
Mumbai,1,34,10,12,34,1617,0,0,1,1,5,8550
Chennai,1,50,11,25,33,2026,0,0,1,0,5,10735
Mumbai,1,56,14,27,35,1173,0,0,1,1,5,6540
Bangalore,1,56,13,18,24,1207,0,0,0,1,5,6600
Namakkal,3,47,11,23,24,874,0,0,1,1,5,4920
Chennai,1,53,15,25,36,1429,0,0,1,1,5,7805
Coimbatore,2,30,8,17,18,758,0,0,1,1,5,4175
Salem,2,40,20,24,28,844,0,0,1,0,5,4795
Delhi,1,23,11,12,10,1906,0,0,1,0,5,9820
Namakkal,3,54,12,16,10,858,0,0,1,1,5,4775
Coimbatore,2,35,17,23,29,692,0,0,0,1,5,3995
Bangalore,1,46,15,22,33,1080,0,0,0,1,5,5990
Chennai,1,41,6,22,6,733,0,0,0,0,5,4045
Bangalore,1,42,7,22,37,1299,0,0,0,1,5,7045
Chennimalai,3,58,15,21,28,906,0,0,1,1,5,5165
Mumbai,1,49,6,22,22,924,0,0,1,0,5,5125
Bangalore,1,43,13,24,19,1694,0,0,1,1,5,8980
Delhi,1,26,16,18,24,1399,0,0,1,1,5,7430
Mumbai,1,35,11,22,24,1780,0,0,0,1,5,9370
Chennai,1,20,12,25,14,1267,0,0,1,0,5,6700
Namakkal,3,38,14,18,8,715,0,0,1,1,5,3990
Namakkal,3,60,11,24,9,701,0,0,1,0,5,4045
Delhi,1,57,15,20,20,1737,0,0,1,0,5,9255
Mumbai,1,57,7,11,39,1771,0,0,0,0,5,9430
Mumbai,1,31,18,24,5,1781,0,0,1,0,5,9305
Mumbai,1,40,16,22,24,1462,0,0,0,0,5,7825
Delhi,1,54,9,25,38,1152,0,0,0,0,5,6395
Bangalore,1,48,7,21,32,1657,0,0,1,0,5,8835
Karur,3,56,7,20,8,1621,0,0,0,1,5,8580
Bangalore,1,52,8,9,17,1366,0,0,0,0,5,7265
Delhi,1,24,20,24,34,1143,0,0,0,1,5,6235
Chennimalai,3,25,8,15,5,1664,0,0,1,0,5,8605
Chennai,1,57,9,17,21,1047,0,0,0,1,5,5765
Chennai,1,49,10,16,9,1669,0,0,1,1,5,8780
Chennai,1,30,15,21,17,1905,0,0,0,1,5,9950
Namakkal,3,35,12,17,40,896,0,0,1,1,5,5025
Delhi,1,38,12,13,25,965,0,0,0,1,5,5275
Bangalore,1,25,17,21,39,631,0,0,0,0,5,3670
Karur,3,28,8,10,25,712,0,0,0,0,5,3930
Bangalore,1,40,8,12,29,1780,0,0,0,1,5,9355
Delhi,1,21,19,20,22,1231,0,0,1,0,5,6575
Bangalore,1,24,9,17,28,1849,0,0,0,0,5,9640
Karur,3,53,11,25,26,738,0,0,1,1,5,4290
Mumbai,1,41,17,22,14,1387,0,0,1,0,5,7415
Bangalore,1,52,14,20,35,1149,0,0,0,1,5,6360
Mumbai,1,51,10,22,21,1496,0,0,1,0,5,8010
Mumbai,1,58,14,18,12,1724,0,0,1,1,5,9145
Chennai,1,51,13,13,28,1504,0,0,1,0,5,8055
Delhi,1,44,16,19,26,1429,0,0,1,1,5,7685
Salem,2,52,6,6,39,721,0,0,0,0,5,4130
Delhi,1,22,16,24,39,1348,0,0,1,1,5,7260
Chennai,1,51,13,16,4,931,0,0,0,0,5,5080
Chennai,1,29,15,18,28,915,0,0,0,1,5,5035
Mumbai,1,33,9,22,21,1227,0,0,1,0,5,6570
Delhi,1,50,11,27,28,1843,0,0,0,0,5,9800
Chennai,1,39,13,14,26,763,0,0,0,1,5,4285
Bangalore,1,42,15,19,33,1271,0,0,0,1,5,6910
Bangalore,1,39,11,12,39,1349,0,0,0,1,5,7260
Bangalore,1,28,9,24,32,1349,0,0,1,1,5,7225
Chennai,1,41,14,15,21,1040,0,0,0,0,5,5660
Mumbai,1,39,11,21,14,1518,0,0,1,1,5,8030
Bangalore,1,49,8,10,39,1248,0,0,1,1,5,6785
Bangalore,1,28,15,20,17,1973,0,0,0,1,5,10275
Chennai,1,56,15,23,34,1835,0,0,0,1,5,9825
Chennai,1,41,10,25,32,1956,0,0,0,0,5,10325
Karur,3,50,15,23,19,739,0,0,1,1,5,4255
Bangalore,1,36,13,18,21,639,0,0,1,1,5,3650
Salem,2,49,7,17,40,586,0,0,0,0,5,3505
Madurai,2,57,11,25,6,1757,0,0,0,0,5,9290
Delhi,1,34,14,19,26,1724,0,0,0,0,5,9090
Chennai,1,59,9,11,20,1311,0,0,1,0,5,7060
Chennai,1,18,11,26,16,1140,0,0,1,1,5,6070
Mumbai,1,22,16,20,21,1527,0,0,0,0,5,8035
Mumbai,1,40,12,17,37,1195,0,0,0,0,5,6510
Mumbai,1,20,8,27,11,1344,0,0,0,1,5,7060
Chennimalai,3,20,19,22,28,698,0,0,0,1,5,3955
Bangalore,1,50,13,13,16,1856,0,0,0,1,5,9750
Chennai,1,57,11,11,29,1563,0,0,0,1,5,8365
Delhi,1,27,15,27,29,1699,0,0,1,0,5,8995
Bangalore,1,42,13,16,4,1584,0,0,1,0,5,8305
Mumbai,1,54,14,26,31,1628,0,0,1,0,5,8775
Mumbai,1,57,11,21,16,1044,0,0,1,0,5,5755
Karur,3,27,6,12,16,1397,0,0,1,1,5,7315
Delhi,1,40,11,27,28,636,0,0,0,0,5,3715
Coimbatore,2,45,9,25,4,2001,0,0,0,1,5,10435
Mumbai,1,23,12,25,10,1029,0,0,0,0,5,5500
Bangalore,1,30,14,23,32,1816,0,0,0,0,5,9580
Bangalore,1,53,13,27,9,885,0,0,1,0,5,4945
Delhi,1,29,11,24,19,1725,0,0,1,1,5,9055
Mumbai,1,46,14,27,10,673,0,0,0,1,5,3860
Madurai,2,60,6,25,35,2005,0,0,1,0,5,10670
Salem,2,37,15,19,14,765,0,0,0,0,5,4260
Mumbai,1,58,12,12,8,1705,0,0,0,0,5,8980
Mumbai,1,38,18,27,29,1521,0,0,1,1,5,8180
Chennimalai,3,39,12,19,18,593,0,0,1,1,5,3430
Mumbai,1,24,14,16,18,1813,0,0,0,1,5,9435
Chennimalai,3,58,14,21,33,684,0,0,1,0,5,4070
Bangalore,1,28,17,26,38,1485,0,0,1,1,5,7985
Delhi,1,43,8,18,26,1332,0,0,1,1,5,7150
Chennimalai,3,54,10,26,18,997,0,0,0,0,5,5540
Mumbai,1,18,17,20,26,1549,0,0,0,1,5,8160
Delhi,1,45,17,27,33,1273,0,0,1,0,5,6985
Delhi,1,31,9,11,8,1010,0,0,1,0,5,5355
Delhi,1,25,20,22,25,693,0,0,0,0,5,3930
Mumbai,1,56,14,26,17,1578,0,0,0,0,5,8460
Madurai,2,32,15,26,7,1564,0,0,0,0,5,8230
Bangalore,1,60,8,14,22,1864,0,0,0,0,5,9845
Namakkal,3,54,9,14,28,816,0,0,1,1,5,4630
Coimbatore,2,46,13,26,14,955,0,0,0,1,5,5285
Salem,2,18,14,15,7,1705,0,0,0,1,5,8810
Madurai,2,34,6,11,16,761,0,0,0,0,5,4150
Karur,3,25,10,16,27,777,0,0,1,1,5,4300
Delhi,1,28,20,27,35,1668,0,0,0,0,5,8895
Chennai,1,58,13,26,11,1611,0,0,1,1,5,8610
Chennimalai,3,47,16,17,9,1226,0,0,0,1,5,6595
Chennai,1,40,18,20,40,1051,0,0,1,1,5,5860
Delhi,1,43,20,25,30,863,0,0,1,0,5,4915
Salem,2,45,13,13,9,1407,0,0,1,1,5,7455
Chennai,1,56,9,12,5,1610,0,0,1,0,5,8470
Madurai,2,51,15,22,8,853,0,0,1,1,5,4765
Bangalore,1,25,14,19,25,1315,0,0,0,0,5,6995
Mumbai,1,55,14,20,22,1965,0,0,0,0,5,10385
Mumbai,1,29,16,22,11,1098,0,0,0,1,5,5890
Bangalore,1,18,15,27,30,1039,0,0,1,0,5,5655
Mumbai,1,25,17,22,38,1880,0,0,0,1,5,9920
Delhi,1,44,10,16,27,1820,0,0,1,1,5,9600
Chennai,1,47,7,21,6,1003,0,0,1,0,5,5430
Mumbai,1,22,19,21,8,1967,0,0,0,0,5,10190
Salem,2,58,9,15,21,606,0,0,1,1,5,3565
Chennai,1,59,12,21,13,1142,0,0,0,0,5,6240
Chennai,1,55,11,22,37,1839,0,0,0,0,5,9825
Namakkal,3,58,13,22,26,794,0,0,1,1,5,4590
Madurai,2,34,9,16,14,906,0,0,0,0,5,4905
Madurai,2,21,13,18,20,660,0,0,1,0,5,3675
Bangalore,1,60,14,25,21,1088,0,0,0,0,5,6045
Chennai,1,36,16,17,24,1406,0,0,1,1,5,7510
Chennai,1,25,20,23,17,1713,0,0,0,0,5,8995
Mumbai,1,38,7,14,35,1224,0,0,1,1,5,6605
Delhi,1,42,13,26,25,596,0,0,1,0,5,3520
Bangalore,1,53,11,20,23,1774,0,0,1,1,5,9420
Mumbai,1,27,16,18,36,1885,0,0,0,0,5,9915
Salem,2,32,10,16,15,960,0,0,0,1,5,5180
Mumbai,1,56,13,21,29,1370,0,0,1,0,5,7455
Salem,2,24,11,15,29,686,0,0,0,0,5,3835
Delhi,1,35,15,24,38,1014,0,0,1,1,5,5645
Coimbatore,2,38,13,15,31,1014,0,0,0,1,5,5570
Madurai,2,26,6,26,28,1242,0,0,0,1,5,6655
Chennai,1,31,8,22,11,1259,0,0,0,1,5,6665
Bangalore,1,24,10,15,38,1229,0,0,1,0,5,6590
Coimbatore,2,33,12,22,6,975,0,0,1,0,5,5255
Mumbai,1,35,16,19,34,1069,0,0,0,1,5,5875
Coimbatore,2,49,14,15,9,1690,0,0,0,1,5,8900
Mumbai,1,48,10,26,17,1905,0,0,0,0,5,10035
Mumbai,1,32,16,22,16,1922,0,0,1,1,5,10055
Mumbai,1,57,9,25,24,1449,0,0,0,0,5,7825
Namakkal,3,26,6,8,38,1515,0,0,0,1,5,7985
Karur,3,20,16,25,9,1862,0,0,1,0,5,9680
Chennai,1,27,15,15,26,710,0,0,1,0,5,3975
Madurai,2,38,18,27,39,818,0,0,0,1,5,4715
Mumbai,1,49,10,20,16,1736,0,0,1,0,5,9165
Delhi,1,56,15,24,33,1668,0,0,1,1,5,8995
Coimbatore,2,25,17,24,8,1646,0,0,1,1,5,8620
Bangalore,1,27,13,15,27,1074,0,0,1,1,5,5795
Mumbai,1,35,6,9,5,709,0,0,0,0,5,3825
Bangalore,1,27,11,15,24,1299,0,0,0,1,5,6890
Namakkal,3,58,14,18,4,937,0,0,0,1,5,5175
Mumbai,1,31,17,22,20,1199,0,0,1,1,5,6460
Chennimalai,3,23,10,12,9,1268,0,0,1,0,5,6630
Chennai,1,59,7,11,4,858,0,0,0,1,5,4705
Delhi,1,28,20,25,39,2041,0,0,1,1,5,10780
Chennai,1,55,10,13,19,2035,0,0,1,0,5,10670
Delhi,1,38,13,18,33,1059,0,0,1,0,5,5815
Salem,2,54,12,15,37,948,0,0,0,1,5,5345
Mumbai,1,42,19,27,40,1967,0,0,0,0,5,10480
Chennai,1,28,10,23,38,1302,0,0,0,0,5,7010
Delhi,1,45,20,25,31,1873,0,0,1,1,5,9985
Delhi,1,47,19,19,36,1434,0,0,0,0,5,7780
Namakkal,3,35,11,21,23,975,0,0,1,0,5,5345
Mumbai,1,24,18,25,31,1233,0,0,1,1,5,6670
Bangalore,1,56,11,13,23,1656,0,0,1,1,5,8810
Karur,3,47,12,25,19,844,0,0,0,1,5,4755
Mumbai,1,27,7,7,4,839,0,0,0,1,5,4430
Bangalore,1,24,10,27,15,1120,0,0,0,0,5,5985
Chennai,1,25,16,23,22,1439,0,0,0,0,6,9156
Salem,2,29,20,38,41,962,0,0,1,1,6,6564
Mumbai,1,41,28,40,41,2255,0,1,0,0,6,14442
Delhi,1,34,17,40,16,3273,0,1,0,0,6,20292
Bangalore,1,28,12,40,20,2764,0,1,0,1,6,17202
Chennai,1,36,34,41,43,1927,0,1,1,1,6,12510
Mumbai,1,41,32,32,15,1342,0,0,1,0,6,8784
Bangalore,1,37,13,13,17,3587,0,0,0,1,6,22014
Mumbai,1,40,11,23,25,3011,0,0,1,1,6,18678
Delhi,1,42,22,28,48,1158,0,0,1,1,6,7806
Bangalore,1,37,14,36,26,2818,0,0,0,0,6,17592
Delhi,1,43,35,40,38,2913,0,0,1,1,6,18432
Mumbai,1,38,19,31,42,2912,0,0,0,0,6,18258
Mumbai,1,26,23,36,27,2342,0,1,1,0,6,14742
Mumbai,1,37,17,26,29,3706,0,1,1,0,6,22908
Mumbai,1,34,31,31,12,1076,0,0,0,0,6,7110
Delhi,1,30,15,38,17,2690,0,1,0,1,6,16758
Chennai,1,41,25,42,50,2324,0,1,0,0,6,14904
Madurai,2,44,28,40,39,975,0,1,1,0,6,6780
Chennai,1,44,16,38,47,3003,0,0,0,1,6,18900
Mumbai,1,25,12,15,46,3038,0,1,1,1,6,18840
Delhi,1,45,15,39,31,3174,0,1,1,1,6,19848
Chennai,1,36,12,13,44,3944,0,1,0,1,6,24312
Mumbai,1,31,26,39,13,3070,0,1,0,0,6,19086
Chennai,1,29,15,18,43,3521,0,1,0,1,6,21774
Delhi,1,28,23,23,36,1140,0,0,0,1,6,7512
Bangalore,1,45,28,39,44,1423,0,0,1,1,6,9492
Bangalore,1,43,18,20,47,2299,0,1,0,0,6,14574
Delhi,1,23,25,27,36,1392,0,0,1,0,6,9030
Mumbai,1,39,10,29,31,1427,0,0,0,1,6,9228
Bangalore,1,35,18,41,24,3313,0,1,0,1,6,20604
Chennai,1,26,27,30,14,2796,0,1,0,1,6,17376
Delhi,1,38,16,24,24,2056,0,1,1,0,6,12966
Mumbai,1,39,24,34,13,3652,0,1,1,1,6,22596
Karur,3,30,18,20,39,840,0,0,0,0,6,5700
Karur,3,29,16,17,25,936,0,1,0,0,6,6162
Delhi,1,22,35,36,24,3430,0,1,1,1,6,21306
Chennai,1,35,18,20,41,2106,0,1,1,0,6,13338
Bangalore,1,31,31,35,25,3355,0,1,0,0,6,20874
Mumbai,1,37,33,39,50,2453,0,0,1,1,6,15690
Bangalore,1,34,30,31,37,3283,0,1,1,0,6,20508
Mumbai,1,29,11,21,27,1845,0,1,1,1,6,11622
Delhi,1,30,33,33,26,1066,0,0,0,1,6,7140
Delhi,1,25,22,38,29,2922,0,1,0,0,6,18228
Chennimalai,3,31,28,34,33,741,0,0,1,1,6,5232
Mumbai,1,40,18,30,36,1540,0,0,1,1,6,10002
Bangalore,1,42,34,37,33,1658,0,1,1,0,6,10842
Delhi,1,21,12,23,18,2140,0,1,1,0,6,13302
Bangalore,1,45,28,35,49,3767,0,1,0,0,6,23556
Delhi,1,37,19,37,16,3707,0,0,1,0,6,22908
Bangalore,1,28,25,36,37,1487,0,1,0,0,6,9690
Mumbai,1,22,26,30,17,1133,0,0,1,1,6,7386
Delhi,1,25,25,35,29,2511,0,1,1,0,6,15768
Bangalore,1,34,24,24,34,4011,0,1,0,1,6,24780
Delhi,1,28,27,30,42,3033,0,1,0,0,6,18972
Mumbai,1,34,19,19,17,1884,0,0,1,1,6,11856
Bangalore,1,39,13,21,22,3646,0,0,0,1,6,22458
Bangalore,1,26,19,28,10,3577,0,1,0,0,6,21972
Mumbai,1,34,24,24,43,1062,0,0,1,0,6,7134
Delhi,1,31,19,21,27,3656,0,0,1,0,6,22536
Chennai,1,38,33,42,32,2300,0,1,1,1,6,14694
Delhi,1,37,34,35,49,2424,0,0,0,1,6,15486
Madurai,2,41,31,41,18,749,0,1,0,1,6,5304
Mumbai,1,41,17,28,49,1690,0,1,1,0,6,10968
Mumbai,1,31,24,33,25,3885,0,1,0,1,6,24006
Bangalore,1,37,20,23,30,1641,0,1,0,1,6,10524
Coimbatore,2,27,27,41,24,740,0,0,0,0,6,5166
Delhi,1,35,10,37,47,3116,0,1,0,0,6,19482
Delhi,1,44,24,33,28,1309,0,1,0,0,6,8640
Bangalore,1,43,32,38,22,2344,0,0,0,0,6,14880
Delhi,1,31,31,39,35,2323,0,0,0,1,6,14766
Bangalore,1,26,33,38,16,2387,0,0,0,0,6,15006
Mumbai,1,28,33,38,24,1137,0,0,1,0,6,7572
Mumbai,1,25,13,42,46,2206,0,1,1,0,6,14010
Delhi,1,31,19,42,33,3398,0,0,1,0,6,21150
Delhi,1,24,17,22,35,4025,0,0,1,0,6,24750
Coimbatore,2,34,31,37,35,695,0,0,0,1,6,5010
Chennai,1,37,35,36,47,2595,0,0,0,1,6,16512
Mumbai,1,44,27,35,44,3912,0,0,1,0,6,24384
Delhi,1,33,26,41,19,3268,0,1,0,1,6,20340
Bangalore,1,25,19,40,44,2139,0,0,0,1,6,13614
Delhi,1,30,12,40,32,2446,0,1,1,1,6,15384
Delhi,1,23,24,31,49,1535,0,1,0,1,6,9990
Delhi,1,22,32,39,39,963,0,1,0,1,6,6588
Namakkal,3,24,23,42,29,1004,0,1,0,0,6,6756
Bangalore,1,40,11,27,27,2080,0,1,1,1,6,13134
Mumbai,1,28,13,25,42,2007,0,0,1,0,6,12702
Delhi,1,36,13,23,50,1208,0,1,0,0,6,7992
Namakkal,3,37,35,40,28,921,0,1,1,1,6,6402
Bangalore,1,21,11,20,42,2235,0,1,0,1,6,13992
Mumbai,1,31,23,25,36,2310,0,0,0,0,6,14556
Mumbai,1,33,31,35,13,2770,0,1,0,1,6,17310
Bangalore,1,40,32,35,22,1188,0,1,0,0,6,7914
Delhi,1,23,29,34,47,2619,0,1,0,1,6,16530
Delhi,1,37,24,29,10,2874,0,1,1,0,6,17862
Mumbai,1,43,33,36,22,973,0,0,0,0,6,6648
Chennai,1,27,20,34,11,2585,0,0,0,0,6,16068
Delhi,1,30,27,34,49,3432,0,1,1,0,6,21450
Mumbai,1,40,21,38,10,1840,0,0,1,0,6,11706
Mumbai,1,44,26,31,28,2564,0,0,1,0,6,16170
Delhi,1,22,15,38,39,2419,0,1,1,0,6,15216
Delhi,1,21,33,41,33,2474,0,0,0,0,6,15618
Mumbai,1,29,18,21,39,1678,0,1,1,1,6,10734
Bangalore,1,42,26,41,50,2658,0,1,0,1,6,16920
Mumbai,1,42,16,20,26,2274,0,0,1,1,6,14286
Chennai,1,32,23,34,45,3812,0,0,0,1,6,23688
Bangalore,1,27,10,30,26,2974,0,0,1,0,6,18414
Chennai,1,26,35,35,23,2062,0,0,1,0,6,13098
Mumbai,1,30,14,38,41,3779,0,1,1,1,6,23436
Mumbai,1,38,15,39,20,1053,0,1,1,0,6,7008
Bangalore,1,25,16,26,45,2212,0,0,1,0,6,13956
Mumbai,1,21,18,27,29,3177,0,0,1,0,6,19644
Mumbai,1,42,24,32,20,1037,0,0,1,0,6,6942
Bangalore,1,35,29,37,38,3125,0,0,0,1,6,19596
Delhi,1,23,12,30,43,3534,0,1,1,1,6,21876
Delhi,1,26,21,37,41,2625,0,1,0,0,6,16512
Mumbai,1,33,10,10,28,2351,0,1,1,0,6,14610
Delhi,1,28,28,42,14,2921,0,1,0,0,6,18210
Chennai,1,36,22,27,42,3749,0,0,0,1,6,23268
Bangalore,1,38,35,38,20,2808,0,1,1,0,6,17652
Chennai,1,35,29,33,40,1200,0,0,0,0,6,8028
Delhi,1,23,26,39,34,4013,0,1,1,0,6,24828
Mumbai,1,38,33,38,22,1218,0,1,0,1,6,8112
Bangalore,1,27,33,42,42,2900,0,1,0,1,6,18282
Bangalore,1,42,28,42,14,1490,0,0,0,0,6,9702
Chennai,1,23,22,34,41,2804,0,1,1,1,6,17568
Mumbai,1,21,12,20,41,1604,0,1,0,0,6,10200
Mumbai,1,31,18,18,33,3329,0,0,1,0,6,20586
Bangalore,1,38,11,22,18,2651,0,1,1,1,6,16464
Delhi,1,35,27,31,39,2100,0,0,0,1,6,13404
Chennai,1,39,10,21,29,2156,0,1,0,1,6,13548
Mumbai,1,36,26,38,26,2357,0,1,1,0,6,14916
Delhi,1,27,16,18,32,1912,0,1,0,1,6,12048
Mumbai,1,30,24,40,13,3255,0,1,1,1,6,20196
Delhi,1,22,32,39,41,2359,0,0,0,0,6,14964
Chennai,1,22,33,39,35,2979,0,1,0,1,6,18666
Bangalore,1,22,18,23,23,1981,0,0,0,1,6,12414
Mumbai,1,43,17,30,39,2127,0,1,1,1,6,13560
Mumbai,1,36,15,39,10,2242,0,1,0,0,6,14064
Delhi,1,28,20,31,43,3885,0,1,1,1,6,24066
Delhi,1,36,39,42,44,1595,0,1,1,0,7,12313
Chennai,1,35,10,10,26,2428,1,0,1,0,7,17584
Bangalore,1,27,24,32,52,3663,1,0,1,0,7,26607
Chennai,1,41,27,32,57,5901,0,0,1,1,7,42427
Mumbai,1,39,16,27,13,2934,0,1,1,0,7,21224
Delhi,1,41,39,44,92,4683,1,0,1,0,7,34314
Bangalore,1,30,21,45,26,1401,0,0,0,1,7,10675
Chennai,1,41,19,25,32,3907,1,1,1,1,7,28203
Mumbai,1,37,34,44,99,5254,1,0,1,0,7,38297
Bangalore,1,44,14,20,72,4750,1,0,1,0,7,34321
Chennai,1,29,14,43,13,1839,0,1,1,1,7,13594
Mumbai,1,33,22,35,39,5343,1,0,0,0,7,38318
Chennai,1,45,19,20,12,5003,0,0,1,1,7,35714
Chennai,1,29,14,41,20,3587,0,0,0,0,7,25844
Delhi,1,31,30,44,77,3023,1,1,0,1,7,22463
Bangalore,1,37,14,30,18,4781,0,1,1,1,7,34188
Bangalore,1,37,40,40,20,5918,1,1,1,0,7,42413
Mumbai,1,30,16,40,32,1256,0,0,1,0,7,9632
Delhi,1,27,10,23,79,1995,0,1,0,1,7,14959
Bangalore,1,33,33,38,59,5648,1,0,0,0,7,40691
Delhi,1,29,10,41,99,3091,1,0,0,0,7,22904
Mumbai,1,35,12,17,20,2316,1,1,1,1,7,16835
Bangalore,1,38,16,20,65,5845,1,1,1,1,7,41923
Chennai,1,39,20,31,76,2944,0,0,0,0,7,21777
Chennai,1,39,28,45,38,6068,1,1,0,1,7,43554
Bangalore,1,32,36,36,61,5126,1,1,0,0,7,37058
Bangalore,1,33,28,46,68,5716,0,0,1,1,7,41258
Bangalore,1,32,22,44,51,4350,0,1,1,1,7,31521
Delhi,1,43,26,36,35,4052,1,1,1,1,7,29379
Mumbai,1,44,14,25,18,3605,0,0,1,1,7,25963
Chennai,1,42,21,34,21,4475,0,0,1,1,7,32172
Chennai,1,44,21,38,62,1177,0,0,1,1,7,9415
Bangalore,1,27,24,40,38,2003,1,0,0,0,7,14938
Mumbai,1,30,32,40,17,1428,1,0,0,0,7,10843
Chennai,1,34,38,41,23,3029,1,0,0,0,7,22169
Bangalore,1,44,15,38,76,2447,1,0,1,1,7,18368
Delhi,1,38,16,30,98,5008,0,0,1,0,7,36344
Bangalore,1,34,23,38,55,1653,1,0,1,1,7,12649
Bangalore,1,29,26,44,62,5601,0,0,1,0,7,40348
Mumbai,1,38,33,37,63,4084,0,0,1,1,7,29806
Bangalore,1,41,26,41,19,1533,0,1,0,0,7,11634
Mumbai,1,40,22,23,81,4380,0,1,1,0,7,31843
Mumbai,1,35,21,24,88,1901,0,1,1,0,7,14504
Chennai,1,32,22,22,39,6008,0,0,1,0,7,42875
Bangalore,1,39,24,38,33,3935,0,1,0,0,7,28497
Mumbai,1,34,21,47,90,3250,0,0,0,1,7,24108
Mumbai,1,38,25,41,44,5023,1,1,0,1,7,36225
Bangalore,1,30,22,25,13,3955,1,1,0,1,7,28343
Delhi,1,44,40,47,68,4854,0,1,0,0,7,35385
Delhi,1,29,28,41,88,2983,1,1,0,1,7,22211
Mumbai,1,30,19,31,52,4534,0,0,0,1,7,32676
Mumbai,1,44,26,41,73,2009,1,0,1,0,7,15372
Mumbai,1,37,11,42,98,4989,0,1,1,0,7,36260
Chennai,1,42,16,36,93,3764,1,0,1,1,7,27685
Mumbai,1,32,24,43,83,6000,1,1,1,1,7,43309
Delhi,1,42,23,25,66,4283,1,0,0,1,7,31094
Bangalore,1,40,33,35,86,2768,0,0,0,0,7,20741
Chennai,1,44,26,42,83,2377,0,1,1,0,7,18025
Mumbai,1,33,18,27,81,3768,0,0,0,0,7,27496
Chennai,1,39,39,44,82,1196,1,0,1,0,7,9821